county,locationid,year,dogkill,population,unemployed,medincome,perpoverty,poverty,vtdummy,statedum,state,nvdummy,ctdummy,medummy,ordercount,expenditures,count,county_vcrime,state_vcrime_report,state_vcrime_est,countyid,_merge,black,na,hisp,countlag,explag,minority,kill,stateid,nhdummy,drugest,lb,ub,t,t2,t3,killlag,logexpenditures,logmedincome,logpopulation,logblack,logcounty_vcrime,logminority,logexplag,dogkilllag,changecount,changecountdog,meancount,meancountdog
Fairfax,901,2006,0,699544,24939,76671,,46169,0,1,Connecticut,0,1,0,58,27859,1,,,,,1,91809,941,144440,1,0,,1,1,0,,,,1,1,1,1,10.2349472,11.24727917,13.45818424,11.42747688,,,,,,,1.25,0.375
Fairfax,901,2007,0,694008,26665,80241,,32375,0,1,Connecticut,0,1,0,44,171457,0,,,,,1,91809,941,144440,1,27859,,0,1,0,,,,2,4,8,1,12.05209351,11.29278946,13.45023918,11.42747688,,,10.2349472,0,-1,0,1.25,0.375
Fairfax,901,2008,0,693086,27210,83491,,49902,0,1,Connecticut,0,1,0,69,17886,2,,,,,1,91809,941,144440,0,171457,,1,1,0,8.68999958,7.230000019,10.40999985,3,9,27,0,9.791829109,11.33249378,13.44890976,11.42747688,,,12.05209351,0,2,0,1.25,0.375
Fairfax,901,2009,0,695952,35065,81639,,55676,0,1,Connecticut,0,1,0,71,67935.5,2,,,,,1,91809,941,144440,2,17886,,1,1,0,9.420000076,7.860000134,11.23999977,4,16,64,1,11.12632847,11.31006241,13.45303631,11.42747688,,,9.791829109,0,0,0,1.25,0.375
Fairfeild,901,2010,0,709721,44382,80122,,63165,0,1,Connecticut,0,1,0,29,928032.75,1,,,,,1,91809,941,144440,2,67935.5,,1,1,0,8.970000267,7.460000038,10.73999977,5,25,125,1,13.74082375,11.29130554,13.47262764,11.42747688,,,11.12632847,0,-1,0,1.25,0.375
Fairfeild,901,2011,0,725864,52098,77289,,68231,0,1,Connecticut,0,1,0,11,139567,1,,,,,1,91809,941,144440,1,928032.75,,1,1,0,9.5,7.949999809,11.32999992,6,36,216,1,11.8463068,11.2553072,13.49511814,11.42747688,,,13.74082375,0,0,0,1.25,0.375
Fairfeild,901,2012,1,735459,47788,79841,,65455,0,1,Connecticut,0,1,0,42,389257,0,,,,,1,91809,941,144440,1,139567,,0,1,0,9.930000305,,,7,49,343,1,12.87199783,11.28779221,13.50825024,11.42747688,,,11.8463068,0,-1,1,1.25,0.375
Fairfeild,901,2013,2,743289,48652,82084,,71355,0,1,Connecticut,0,1,0,31,180995.8438,3,,,,,1,91809,941,144440,0,389257,,1,1,0,9.949999809,,,8,64,512,0,12.10623455,11.31549835,13.51883984,11.42747688,,,12.87199783,1,3,1,1.25,0.375
Hartford,902,2006,1,698642,32574,58666,,69165,0,1,Connecticut,0,1,0,45,21733,1,,,,,1,107134,1414,128860,2,0,,1,1,0,,,,1,1,1,1,9.986633301,10.97961521,13.45689392,11.58184528,,,,,,,1.375,0.125
Hartford,902,2007,0,694037,33116,61437,,65239,0,1,Connecticut,0,1,0,38,12685,1,,,,,1,107134,1414,128860,1,21733,,1,1,0,,,,2,4,8,1,9.448254585,11.02576733,13.45028019,11.58184528,,,9.986633301,1,0,-1,1.375,0.125
Hartford,902,2008,0,696782,31347,63310,,70374,0,1,Connecticut,0,1,0,53,15395.91016,1,,,,,1,107134,1414,128860,1,12685,,1,1,0,8.68999958,7.230000019,10.40999985,3,9,27,1,9.641921997,11.05579853,13.45422745,11.58184528,,,9.448254585,0,0,0,1.375,0.125
Hartford,902,2009,0,698152,34985,62380,,72607,0,1,Connecticut,0,1,0,0,0,1,,,,,1,107134,1414,128860,1,15395.91016,,1,1,0,9.420000076,7.860000134,11.23999977,4,16,64,1,0,11.04100037,13.45619202,11.58184528,,,9.641921997,0,0,0,1.375,0.125
Hartford,902,2010,0,711305,42994,61871,,77532,0,1,Connecticut,0,1,0,29,3624,1,,,,,1,107134,1414,128860,1,0,,1,1,0,8.970000267,7.460000038,10.73999977,5,25,125,1,8.195609093,11.0328064,13.47485638,11.58184528,,,0,0,0,0,1.375,0.125
Hartford,902,2011,0,718285,54761,60965,,91222,0,1,Connecticut,0,1,0,0,0,2,,,,,1,107134,1414,128860,1,3624,,1,1,0,9.5,7.949999809,11.32999992,6,36,216,1,0,11.01805496,13.484622,11.58184528,,,8.195609093,0,1,0,1.375,0.125
Hartford,902,2012,0,722776,49714,63536,,90947,0,1,Connecticut,0,1,0,1483,272628.8125,1,,,,,1,107134,1414,128860,2,0,,1,1,0,9.930000305,,,7,49,343,1,12.51587009,11.05936241,13.49085426,11.58184528,,,0,0,-1,0,1.375,0.125
Hartford,902,2013,0,724739,49267,63603,,99418,0,1,Connecticut,0,1,0,200,254877.3281,3,,,,,1,107134,1414,128860,1,272628.8125,,1,1,0,9.949999809,,,8,64,512,1,12.44854164,11.06041622,13.49356651,11.58184528,,,12.51587009,0,2,0,1.375,0.125
Litchfeild,903,2006,0,153711,5034,66664,,9683,0,1,Connecticut,0,1,0,3,324,0,,,,,1,2046,316,7875,0,0,,0,1,0,,,,1,1,1,0,5.783825397,11.10741997,11.94282913,7.624130726,,,,,,,0.125,0
Litchfeild,903,2007,0,151546,5198,67591,,8183,0,1,Connecticut,0,1,0,4,552,0,,,,,1,2046,316,7875,0,324,,0,1,0,,,,2,4,8,0,6.315358162,11.12123013,11.92864418,7.624130726,,,5.783825397,0,0,0,0.125,0
Litchfeild,903,2008,0,152356,5528,69224,,8379,0,1,Connecticut,0,1,0,0,0,0,,,,,1,2046,316,7875,0,552,,0,1,0,8.68999958,7.230000019,10.40999985,3,9,27,0,0,11.1451025,11.93397522,7.624130726,,,6.315358162,0,0,0,0.125,0
Litchfeild,903,2009,0,152769,6924,69093,,8860,0,1,Connecticut,0,1,0,0,0,0,,,,,1,2046,316,7875,0,0,,0,1,0,9.420000076,7.860000134,11.23999977,4,16,64,0,0,11.1432085,11.9366827,7.624130726,,,0,0,0,0,0.125,0
Litchfeild,903,2010,0,154554,8471,68897,,8964,0,1,Connecticut,0,1,0,0,0,0,,,,,1,2046,316,7875,0,0,,0,1,0,8.970000267,7.460000038,10.73999977,5,25,125,0,0,11.14036751,11.94829845,7.624130726,,,0,0,0,0,0.125,0
Litchfeild,903,2011,0,154665,9313,69079,,12527,0,1,Connecticut,0,1,0,0,0,0,,,,,1,2046,316,7875,0,0,,0,1,0,9.5,7.949999809,11.32999992,6,36,216,0,0,11.14300632,11.94901657,7.624130726,,,0,0,0,0,0.125,0
Litchfeild,903,2012,0,154058,8851,67658,,10013,0,1,Connecticut,0,1,0,236,185613.9688,1,,,,,1,2046,316,7875,0,0,,1,1,0,9.930000305,,,7,49,343,0,12.13142967,11.12222099,11.94508457,7.624130726,,,0,0,1,0,0.125,0
Litchfeild,903,2013,0,154827,7863,70981,,10373,0,1,Connecticut,0,1,0,47,99367.21094,0,,,,,1,2046,316,7875,1,185613.9688,,0,1,0,9.949999809,,,8,64,512,1,11.50658798,11.17016792,11.95006371,7.624130726,,,12.13142967,0,-1,0,0.125,0
Middlesex,904,2006,0,132425,2979,68739,,9799,0,1,Connecticut,0,1,0,0,0,0,,,,,1,7059,174,7317,0,0,,0,1,0,,,,1,1,1,0,0,11.13807201,11.79377174,8.862200737,,,,,,,0.125,0
Middlesex,904,2007,0,131005,3579,73307,,7991,0,1,Connecticut,0,1,0,6,828,0,,,,,1,7059,174,7317,0,0,,0,1,0,,,,2,4,8,0,6.720220089,11.20241165,11.78299046,8.862200737,,,0,0,0,0,0.125,0
Middlesex,904,2008,0,132266,3373,75471,,7539,0,1,Connecticut,0,1,0,0,0,0,,,,,1,7059,174,7317,0,828,,0,1,0,8.68999958,7.230000019,10.40999985,3,9,27,0,0,11.23150349,11.79257011,8.862200737,,,6.720220089,0,0,0,0.125,0
Middlesex,904,2009,0,134182,5010,74615,,7111,0,1,Connecticut,0,1,0,0,0,0,,,,,1,7059,174,7317,0,0,,0,1,0,9.420000076,7.860000134,11.23999977,4,16,64,0,0,11.22009659,11.80695248,8.862200737,,,0,0,0,0,0.125,0
Middlesex,904,2010,0,134420,6534,74301,,8065,0,1,Connecticut,0,1,0,0,0,1,,,,,1,7059,174,7317,0,0,,1,1,0,8.970000267,7.460000038,10.73999977,5,25,125,0,0,11.21587944,11.8087244,8.862200737,,,0,0,1,0,0.125,0
Middlesex,904,2011,0,136143,6329,77139,,15821,0,1,Connecticut,0,1,0,0,0,0,,,,,1,7059,174,7317,1,0,,0,1,0,9.5,7.949999809,11.32999992,6,36,216,1,0,11.25336456,11.82146072,8.862200737,,,0,0,-1,0,0.125,0
Middlesex,904,2012,0,136887,6224,74784,,7391,0,1,Connecticut,0,1,0,0,0,0,,,,,1,7059,174,7317,0,0,,0,1,0,9.930000305,,,7,49,343,0,0,11.22235966,11.82691097,8.862200737,,,0,0,0,0,0.125,0
Middlesex,904,2013,0,137363,5724,75303,,10164,0,1,Connecticut,0,1,0,0,0,0,,,,,1,7059,174,7317,0,0,,0,1,0,9.949999809,,,8,64,512,0,0,11.2292757,11.83038235,8.862200737,,,0,0,0,0,0.125,0
New Haven,905,2006,0,674810,32640,56840,,56984,0,1,Connecticut,0,1,0,12,5988,3,,,,,1,99141,933,120521,1,0,,1,1,0,,,,1,1,1,1,8.69767952,10.94799519,13.42218685,11.5043087,,,,,,,1.75,0.375
New Haven,905,2007,0,670086,30698,58528,,68348,0,1,Connecticut,0,1,0,39,13906,1,,,,,1,99141,933,120521,3,5988,,1,1,0,,,,2,4,8,1,9.540147781,10.97726059,13.41516113,11.5043087,,,8.69767952,0,-2,0,1.75,0.375
New Haven,905,2008,0,671836,31931,61663,,68527,0,1,Connecticut,0,1,0,98,37011,2,,,,,1,99141,933,120521,1,13906,,1,1,0,8.68999958,7.230000019,10.40999985,3,9,27,1,10.51899719,11.02943897,13.41776943,11.5043087,,,9.540147781,0,1,0,1.75,0.375
New Haven,905,2009,0,676061,37135,61484,,73014,0,1,Connecticut,0,1,0,5,2495,2,,,,,1,99141,933,120521,2,37011,,1,1,0,9.420000076,7.860000134,11.23999977,4,16,64,1,7.822444916,11.02653217,13.42403889,11.5043087,,,10.51899719,0,0,0,1.75,0.375
New Haven,905,2010,1,690801,44145,60471,,80132,0,1,Connecticut,0,1,0,0,0,1,,,,,1,99141,933,120521,2,2495,,1,1,0,8.970000267,7.460000038,10.73999977,5,25,125,1,0,11.00991917,13.44560719,11.5043087,,,7.822444916,0,-1,1,1.75,0.375
New Haven,905,2011,0,695970,56282,59245,,91686,0,1,Connecticut,0,1,0,1,47989,1,,,,,1,99141,933,120521,1,0,,1,1,0,9.5,7.949999809,11.32999992,6,36,216,1,10.77874756,10.9894371,13.45306206,11.5043087,,,0,1,0,-1,1.75,0.375
New Haven,905,2012,2,697550,52721,59271,,94169,0,1,Connecticut,0,1,0,546,402842.8438,2,,,,,1,99141,933,120521,1,47989,,1,1,0,9.930000305,,,7,49,343,1,12.90630436,10.98987579,13.4553299,11.5043087,,,10.77874756,0,1,2,1.75,0.375
New Haven,905,2013,0,702408,41258,58571,,90610,0,1,Connecticut,0,1,0,123,762287.625,2,,,,,1,99141,933,120521,2,402842.8438,,1,1,0,9.949999809,,,8,64,512,1,13.54408073,10.97799492,13.46226978,11.5043087,,,12.90630436,2,0,-2,1.75,0.375
New London,906,2006,0,210396,6738,59719,,13044,0,1,Connecticut,0,1,0,0,0,0,,,,,1,13919,1401,21332,0,0,,0,1,0,,,,1,1,1,0,0,10.99740505,12.25674629,9.541082382,,,,,,,0.375,0
New London,906,2007,0,212806,7201,61842,,12981,0,1,Connecticut,0,1,0,6,828,0,,,,,1,13919,1401,21332,0,0,,0,1,0,,,,2,4,8,0,6.720220089,11.03233814,12.26813602,9.541082382,,,0,0,0,0,0.375,0
New London,906,2008,0,211952,6819,80322,,13564,0,1,Connecticut,0,1,0,35,10245,0,,,,,1,13919,1401,21332,0,828,,0,1,0,8.68999958,7.230000019,10.40999985,3,9,27,0,9.234642982,11.29379845,12.26411533,9.541082382,,,6.720220089,0,0,0,0.375,0
New London,906,2009,0,213772,8670,65217,,14964,0,1,Connecticut,0,1,0,0,0,1,,,,,1,13919,1401,21332,0,10245,,1,1,0,9.420000076,7.860000134,11.23999977,4,16,64,0,0,11.08547592,12.27266502,9.541082382,,,9.234642982,0,1,0,0.375,0
New London,906,2010,0,220269,10672,65958,,13216,0,1,Connecticut,0,1,0,0,0,0,,,,,1,13919,1401,21332,1,0,,0,1,0,8.970000267,7.460000038,10.73999977,5,25,125,1,0,11.09677315,12.30260468,9.541082382,,,0,0,-1,0,0.375,0
New London,906,2011,0,222183,12581,64788,,19552,0,1,Connecticut,0,1,0,0,0,0,,,,,1,13919,1401,21332,0,0,,0,1,0,9.5,7.949999809,11.32999992,6,36,216,0,0,11.07887554,12.31125641,9.541082382,,,0,0,0,0,0.375,0
New London,906,2012,0,224650,12940,66603,,20667,0,1,Connecticut,0,1,0,17,97555,0,,,,,1,13919,1401,21332,0,0,,0,1,0,9.930000305,,,7,49,343,0,11.48818207,11.10650444,12.322299,9.541082382,,,0,0,0,0,0.375,0
New London,906,2013,0,224150,12888,62883,,20173,0,1,Connecticut,0,1,0,2,95978,2,,,,,1,13919,1401,21332,0,97555,,1,1,0,9.949999809,,,8,64,512,0,11.47188473,11.04903126,12.32007122,9.541082382,,,11.48818207,0,2,0,0.375,0
Tolland,907,2006,0,122530,5152,69862,,6616,0,1,Connecticut,0,1,0,0,0,0,,,,,1,3883,259,6155,1,0,,0,1,0,,,,1,1,1,1,0,11.15427685,11.71611118,8.264620781,,,,,,,0,0
Tolland,907,2007,0,121285,4344,74949,,6913,0,1,Connecticut,0,1,0,8,2548,0,,,,,1,3883,259,6155,0,0,,0,1,0,,,,2,4,8,0,7.843456268,11.2245636,11.70589828,8.264620781,,,0,0,0,0,0,0
Tolland,907,2008,0,121645,3951,75850,,4622,0,1,Connecticut,0,1,0,5,690,0,,,,,1,3883,259,6155,0,2548,,0,1,0,8.68999958,7.230000019,10.40999985,3,9,27,0,6.53813982,11.23651314,11.7088623,8.264620781,,,7.843456268,0,0,0,0,0
Tolland,907,2009,0,122764,3921,76837,,8839,0,1,Connecticut,0,1,0,0,0,0,,,,,1,3883,259,6155,0,690,,0,1,0,9.420000076,7.860000134,11.23999977,4,16,64,0,0,11.24944115,11.71801949,8.264620781,,,6.53813982,0,0,0,0,0
Tolland,907,2010,0,125211,5277,78682,,8013,0,1,Connecticut,0,1,0,0,0,0,,,,,1,3883,259,6155,0,0,,0,1,0,8.970000267,7.460000038,10.73999977,5,25,125,0,0,11.27316952,11.73775578,8.264620781,,,0,0,0,0,0,0
Tolland,907,2011,0,126051,7363,78210,,10966,0,1,Connecticut,0,1,0,0,0,0,,,,,1,3883,259,6155,0,0,,0,1,0,9.5,7.949999809,11.32999992,6,36,216,0,0,11.26715279,11.74444199,8.264620781,,,0,0,0,0,0,0
Tolland,907,2012,0,126711,5642,75238,,8869,0,1,Connecticut,0,1,0,11,29990,0,,,,,1,3883,259,6155,0,0,,0,1,0,9.930000305,,,7,49,343,0,10.30865288,11.22841167,11.74966431,8.264620781,,,0,0,0,0,0,0
Tolland,907,2013,0,126383,6413,72954,,6698,0,1,Connecticut,0,1,0,0,0,0,,,,,1,3883,259,6155,0,29990,,0,1,0,9.949999809,,,8,64,512,0,0,11.19758415,11.74707222,8.264620781,,,10.30865288,0,0,0,0,0
Windham,908,2006,0,94829,5834,55013,,8819,0,1,Connecticut,0,1,0,0,0,0,,,,,1,1947,216,10611,0,0,,0,1,0,,,,1,1,1,0,0,10.91532516,11.45983028,7.574558258,,,,,,,0.125,0
Windham,908,2007,0,93377,5051,55786,,5602,0,1,Connecticut,0,1,0,17,4678.970215,0,,,,,1,1947,216,10611,0,0,,0,1,0,,,,2,4,8,0,8.451046944,10.92927837,11.44440079,7.574558258,,,0,0,0,0,0.125,0
Windham,908,2008,0,93977,5951,58169,,9773,0,1,Connecticut,0,1,0,0,0,0,,,,,1,1947,216,10611,0,4678.970215,,0,1,0,8.68999958,7.230000019,10.40999985,3,9,27,0,0,10.97110748,11.45080566,7.574558258,,,8.451046944,0,0,0,0.125,0
Windham,908,2009,0,94321,6069,57545,,10469,0,1,Connecticut,0,1,0,0,0,0,,,,,1,1947,216,10611,0,0,,0,1,0,9.420000076,7.860000134,11.23999977,4,16,64,0,0,10.96032238,11.45445919,7.574558258,,,0,0,0,0,0.125,0
Windham,908,2010,0,94819,7121,57424,,11567,0,1,Connecticut,0,1,0,0,0,0,,,,,1,1947,216,10611,0,0,,0,1,0,8.970000267,7.460000038,10.73999977,5,25,125,0,0,10.95821762,11.45972538,7.574558258,,,0,0,0,0,0.125,0
Windham,908,2011,0,95605,8265,55744,,9369,0,1,Connecticut,0,1,0,0,0,0,,,,,1,1947,216,10611,0,0,,0,1,0,9.5,7.949999809,11.32999992,6,36,216,0,0,10.92852497,11.46798038,7.574558258,,,0,0,0,0,0.125,0
Windham,908,2012,0,95739,5681,54089,,11967,0,1,Connecticut,0,1,0,4,282.1600037,0,,,,,1,1947,216,10611,0,0,,0,1,0,9.930000305,,,7,49,343,0,5.646012306,10.898386,11.46938133,7.574558258,,,0,0,0,0,0.125,0
Windham,908,2013,0,95733,8488,57503,,13306,0,1,Connecticut,0,1,0,22,668479,1,,,,,1,1947,216,10611,0,282.1600037,,1,1,0,9.949999809,,,8,64,512,0,13.41276169,10.95959282,11.46931839,7.574558258,,,5.646012306,0,1,0,0.125,0
Androscoggin,2301,2006,0,86289,3619,37945,0.173999995,15014.28613,0,2,Maine,0,0,1,3,1497,0,10,191,1526,1,3,1715,122,1678,0,0,3515,0,2,0,,,,1,1,1,0,7.311886311,10.54389286,11.36545753,7.447751045,2.397895336,8.164794922,,,,,0.125,0
Androscoggin,2301,2007,0,85504,4173,42725,0.162,13851.64844,0,2,Maine,0,0,1,0,0,1,7,192,1554,1,3,1715,122,1678,0,1497,3515,1,2,0,,,,2,4,8,0,0,10.66253948,11.35631847,7.447751045,2.079441547,8.164794922,7.311886311,0,1,0,0.125,0
Androscoggin,2301,2008,0,85478,3572,44545,0.243000001,20771.1543,0,2,Maine,0,0,1,0,0,0,6,193,1547,1,3,1715,122,1678,1,0,3515,0,2,0,11.15999985,9.390000343,13.22000027,3,9,27,1,0,10.7042551,11.35601425,7.447751045,1.945910096,8.164794922,0,0,-1,0,0.125,0
Androscoggin,2301,2009,0,86043,4186,43881,0.147,12648.32129,0,2,Maine,0,0,1,0,0,0,12,219,1579,1,3,1715,122,1678,0,0,3515,0,2,0,11.88000011,10.03999996,14,4,16,64,0,0,10.68923664,11.36260223,7.447751045,2.564949274,8.164794922,0,0,0,0,0.125,0
Androscoggin,2301,2010,0,86708,4489,42494,0.140000001,12139.12012,0,2,Maine,0,0,1,5,690,0,10,203,1621,1,3,1715,122,1678,0,0,3515,0,2,0,9.520000458,7.980000019,11.31999969,5,25,125,0,6.53813982,10.65711784,11.37030125,7.447751045,2.397895336,8.164794922,0,0,0,0,0.125,0
Androscoggin,2301,2011,0,86594,5782,43144,0.155000001,13422.07031,0,2,Maine,0,0,1,4,480,0,,,,,1,1715,122,1678,0,690,3515,0,2,0,9.869999886,8.220000267,11.80000019,6,36,216,0,6.175867081,10.67229843,11.36898613,7.447751045,,8.164794922,6.53813982,0,0,0,0.125,0
Androscoggin,2301,2012,0,86269,5666,44518,0.157000005,13544.2334,0,2,Maine,0,0,1,2,48488,0,,,,,1,1715,122,1678,0,480,3515,0,2,0,11.34000015,,,7,49,343,0,10.78909206,10.70364857,11.36522579,7.447751045,,8.164794922,6.175867081,0,0,0,0.125,0
Androscoggin,2301,2013,0,86099,5230,45234,0.164000005,14120.23633,0,2,Maine,0,0,1,4,500507,0,,,,,1,1715,122,1678,0,48488,3515,0,2,0,13.73999977,,,8,64,512,0,13.12337875,10.71960449,11.36325264,7.447751045,,8.164794922,10.78909206,0,0,0,0.125,0
Aroostook,2302,2006,0,60265,1689,32642,0.172999993,10425.84473,0,2,Maine,0,0,1,20,6968.089844,0,7,191,1526,2,3,400,915,761,0,0,2076,0,2,0,,,,1,1,1,0,8.849240303,10.39335537,11.00650692,5.993961334,2.079441547,7.638198376,,,,,0.125,0
Aroostook,2302,2007,0,59772,1918,34225,0.170000002,10161.24023,0,2,Maine,0,0,1,0,0,0,8,192,1554,2,3,400,915,761,0,6968.089844,2076,0,2,0,,,,2,4,8,0,0,10.44071198,10.99829292,5.993961334,2.197224617,7.638198376,8.849240303,0,0,0,0.125,0
Aroostook,2302,2008,0,59597,1996,35999,0.164000005,9773.908203,0,2,Maine,0,0,1,37,6610.620117,0,2,193,1547,2,3,400,915,761,0,0,2076,0,2,0,11.15999985,9.390000343,13.22000027,3,9,27,0,8.796584129,10.49124622,10.99536037,5.993961334,1.098612309,7.638198376,0,0,0,0,0.125,0
Aroostook,2302,2009,0,59200,2146,35654,0.209999993,12432,0,2,Maine,0,0,1,56,87494.25,0,0,219,1579,2,3,400,915,761,0,6610.620117,2076,0,2,0,11.88000011,10.03999996,14,4,16,64,0,11.37934017,10.48161697,10.98867702,5.993961334,0,7.638198376,8.796584129,0,0,0,0.125,0
Aroostook,2302,2010,0,59472,2363,36185,0.147,8742.383789,0,2,Maine,0,0,1,82,191425,1,3,203,1621,2,3,400,915,761,0,87494.25,2076,1,2,0,9.520000458,7.980000019,11.31999969,5,25,125,0,12.16225624,10.49639988,10.99326134,5.993961334,1.386294365,7.638198376,11.37934017,0,1,0,0.125,0
Aroostook,2302,2011,0,59249,2459,36512,0.156000003,9242.84375,0,2,Maine,0,0,1,48,4274.25,0,,,,,1,400,915,761,1,191425,2076,0,2,0,9.869999886,8.220000267,11.80000019,6,36,216,1,8.36059761,10.50539589,10.98950386,5.993961334,,7.638198376,12.16225624,0,-1,0,0.125,0
Aroostook,2302,2012,0,59077,2737,37195,0.159999996,9452.320313,0,2,Maine,0,0,1,2361,2539766.5,0,,,,,1,400,915,761,0,4274.25,2076,0,2,0,11.34000015,,,7,49,343,0,14.74758339,10.5239296,10.98659706,5.993961334,,7.638198376,8.36059761,0,0,0,0.125,0
Aroostook,2302,2013,0,58973,2854,37292,0.172999993,10202.3291,0,2,Maine,0,0,1,6979,4316430,0,,,,,1,400,915,761,0,2539766.5,2076,0,2,0,13.73999977,,,8,64,512,0,15.2779398,10.52653408,10.98483467,5.993961334,,7.638198376,14.74758339,0,0,0,0.125,0
Cumberland,2303,2006,0,223138,6851,51520,0.100000001,22313.80078,0,2,Maine,0,0,1,97,30607,2,26,191,1526,7,3,6670,587,4899,1,0,12156,1,2,0,,,,1,1,1,1,10.32901669,10.84972572,12.31554604,8.805524826,3.295836926,9.405578613,,,,,0.75,0
Cumberland,2303,2007,0,222219,6929,53768,0.104000002,23110.77539,0,2,Maine,0,0,1,7,876,1,36,192,1554,7,3,6670,587,4899,2,30607,12156,1,2,0,,,,2,4,8,1,6.776506901,10.89243412,12.31141853,8.805524826,3.610917807,9.405578613,10.32901669,0,-1,0,0.75,0
Cumberland,2303,2008,0,222986,6923,55647,0.103,22967.55859,0,2,Maine,0,0,1,16,4374,2,28,193,1547,7,3,6670,587,4899,1,876,12156,1,2,0,11.15999985,9.390000343,13.22000027,3,9,27,1,8.383662224,10.92678356,12.31486416,8.805524826,3.367295742,9.405578613,6.776506901,0,1,0,0.75,0
Cumberland,2303,2009,0,225989,7886,54385,0.101000004,22824.88867,0,2,Maine,0,0,1,52,145424.6406,1,52,219,1579,7,3,6670,587,4899,2,4374,12156,1,2,0,11.88000011,10.03999996,14,4,16,64,1,11.8874197,10.90384388,12.32824135,8.805524826,3.970291853,9.405578613,8.383662224,0,-1,0,0.75,0
Cumberland,2303,2010,0,229039,8922,55329,0.101000004,23132.93945,0,2,Maine,0,0,1,33,127296.7969,0,40,203,1621,7,3,6670,587,4899,1,145424.6406,12156,0,2,0,9.520000458,7.980000019,11.31999969,5,25,125,1,11.75428486,10.92105293,12.34164715,8.805524826,3.713572025,9.405578613,11.8874197,0,-1,0,0.75,0
Cumberland,2303,2011,0,230056,10120,57318,0.107000001,24615.99219,0,2,Maine,0,0,1,13,101323.8438,0,,,,,1,6670,587,4899,0,127296.7969,12156,0,2,0,9.869999886,8.220000267,11.80000019,6,36,216,0,11.52608681,10.95637035,12.34607792,8.805524826,,9.405578613,11.75428486,0,0,0,0.75,0
Cumberland,2303,2012,0,231910,10420,58065,0.115999997,26901.56055,0,2,Maine,0,0,1,1223,857587.5625,0,,,,,1,6670,587,4899,0,101323.8438,12156,0,2,0,11.34000015,,,7,49,343,0,13.66187954,10.96931839,12.354105,8.805524826,,9.405578613,11.52608681,0,0,0,0.75,0
Cumberland,2303,2013,0,233898,10095,56066,0.123999998,29003.35156,0,2,Maine,0,0,1,202,738566.6875,0,,,,,1,6670,587,4899,0,857587.5625,12156,0,2,0,13.73999977,,,8,64,512,0,13.51246834,10.93428516,12.36264038,8.805524826,,9.405578613,13.66187954,0,0,0,0.75,0
Franklin,2304,2006,0,,,,,0,0,2,Maine,0,0,1,3,1136,0,8,191,1526,12,3,65,87,311,0,0,463,0,2,0,,,,1,1,1,0,7.036148548,,,4.189654827,2.197224617,6.137727261,,,,,0.125,0
Franklin,2304,2007,0,24614,1357,38975,0.150000006,3692.100098,0,2,Maine,0,0,1,0,0,0,2,192,1554,12,3,65,87,311,0,1136,463,0,2,0,,,,2,4,8,0,0,10.57067585,10.11107063,4.189654827,1.098612309,6.137727261,7.036148548,0,0,0,0.125,0
Franklin,2304,2008,0,24718,1351,38865,0.158999994,3930.162109,0,2,Maine,0,0,1,9,1603,0,2,193,1547,12,3,65,87,311,0,0,463,0,2,0,11.15999985,9.390000343,13.22000027,3,9,27,0,7.380255699,10.56784916,10.11528683,4.189654827,1.098612309,6.137727261,0,0,0,0,0.125,0
Franklin,2304,2009,0,24660,1316,40798,0.178000003,4389.47998,0,2,Maine,0,0,1,0,0,0,2,219,1579,12,3,65,87,311,0,1603,463,0,2,0,11.88000011,10.03999996,14,4,16,64,0,0,10.61638832,10.11293793,4.189654827,1.098612309,6.137727261,7.380255699,0,0,0,0.125,0
Franklin,2304,2010,0,25410,1394,39219,0.166999996,4243.470215,0,2,Maine,0,0,1,0,0,0,7,203,1621,12,3,65,87,311,0,0,463,0,2,0,9.520000458,7.980000019,11.31999969,5,25,125,0,0,10.57691669,10.14289761,4.189654827,2.079441547,6.137727261,0,0,0,0,0.125,0
Franklin,2304,2011,0,25426,1535,42240,0.142000005,3610.491943,0,2,Maine,0,0,1,13,741.7800293,1,,,,,1,65,87,311,0,0,463,1,2,0,9.869999886,8.220000267,11.80000019,6,36,216,0,6.610399723,10.65112305,10.14352798,4.189654827,,6.137727261,0,0,1,0,0.125,0
Franklin,2304,2012,0,25530,1520,38973,0.160999998,4110.330078,0,2,Maine,0,0,1,36,159622.0938,0,,,,,1,65,87,311,1,741.7800293,463,0,2,0,11.34000015,,,7,49,343,1,11.98057079,10.57062435,10.14760971,4.189654827,,6.137727261,6.610399723,0,-1,0,0.125,0
Franklin,2304,2013,0,25552,1256,40198,0.165000007,4216.080078,0,2,Maine,0,0,1,0,0,0,,,,,1,65,87,311,0,159622.0938,463,0,2,0,13.73999977,,,8,64,512,0,0,10.60157299,10.14847088,4.189654827,,6.137727261,11.98057079,0,0,0,0.125,0
Hancock,2305,2006,0,,,,,0,0,2,Maine,0,0,1,8,1104,0,3,191,1526,13,3,147,193,641,0,0,981,0,2,0,,,,1,1,1,0,7.007600784,,,4.99721241,1.386294365,6.888572693,,,,,0.125,0
Hancock,2305,2007,0,44079,1644,45822,0.097999997,4319.742188,0,2,Maine,0,0,1,0,0,0,4,192,1554,13,3,147,193,641,0,1104,981,0,2,0,,,,2,4,8,0,0,10.73251915,10.69373894,4.99721241,1.609437943,6.888572693,7.007600784,0,0,0,0.125,0
Hancock,2305,2008,0,44019,1719,47507,0.100000001,4401.899902,0,2,Maine,0,0,1,3,334.7099915,0,5,193,1547,13,3,147,193,641,0,0,981,0,2,0,11.15999985,9.390000343,13.22000027,3,9,27,0,5.816247463,10.76863194,10.69237709,4.99721241,1.791759491,6.888572693,0,0,0,0,0.125,0
Hancock,2305,2009,0,44660,2100,48992,0.097999997,4376.680176,0,2,Maine,0,0,1,2,117.4199982,0,7,219,1579,13,3,147,193,641,0,334.7099915,981,0,2,0,11.88000011,10.03999996,14,4,16,64,0,4.774237633,10.79941273,10.70683384,4.99721241,2.079441547,6.888572693,5.816247463,0,0,0,0.125,0
Hancock,2305,2010,0,45781,2212,47801,0.123000003,5631.062988,0,2,Maine,0,0,1,4,498,0,6,203,1621,13,3,147,193,641,0,117.4199982,981,0,2,0,9.520000458,7.980000019,11.31999969,5,25,125,0,6.212605953,10.77480221,10.7316246,4.99721241,1.945910096,6.888572693,4.774237633,0,0,0,0.125,0
Hancock,2305,2011,0,45866,2369,46824,0.137999997,6329.507813,0,2,Maine,0,0,1,0,0,0,,,,,1,147,193,641,0,498,981,0,2,0,9.869999886,8.220000267,11.80000019,6,36,216,0,0,10.75415134,10.7334795,4.99721241,,6.888572693,6.212605953,0,0,0,0.125,0
Hancock,2305,2012,0,45997,2586,44432,0.144999996,6669.564941,0,2,Maine,0,0,1,0,0,1,,,,,1,147,193,641,0,0,981,1,2,0,11.34000015,,,7,49,343,0,0,10.70171547,10.73633099,4.99721241,,6.888572693,0,0,1,0,0.125,0
Hancock,2305,2013,0,46163,2657,46303,0.141000003,6508.98291,0,2,Maine,0,0,1,0,0,0,,,,,1,147,193,641,1,0,981,0,2,0,13.73999977,,,8,64,512,1,0,10.74296188,10.73993397,4.99721241,,6.888572693,0,0,-1,0,0.125,0
Kennebec,2306,2006,0,99162,2592,44758,0.125,12395.25,0,2,Maine,0,0,1,52,25226,0,13,191,1526,15,3,844,450,1533,0,0,2827,0,2,0,,,,1,1,1,0,10.13566971,10.70902538,11.50450993,6.739336491,2.639057398,7.946971416,,,,,0.5,0
Kennebec,2306,2007,0,98320,3405,45248,0.131999999,12978.24023,0,2,Maine,0,0,1,8,10688,1,16,192,1554,15,3,844,450,1533,0,25226,2827,1,2,0,,,,2,4,8,0,9.276970863,10.71991348,11.49598312,6.739336491,2.833213329,7.946971416,10.13566971,0,1,0,0.5,0
Kennebec,2306,2008,0,98982,3716,46231,0.126000002,12471.73242,0,2,Maine,0,0,1,8,3992,1,8,193,1547,15,3,844,450,1533,1,10688,2827,1,2,0,11.15999985,9.390000343,13.22000027,3,9,27,1,8.292298317,10.74140549,11.50269318,6.739336491,2.197224617,7.946971416,9.276970863,0,0,0,0.5,0
Kennebec,2306,2009,0,99278,4559,45621,0.128999993,12806.8623,0,2,Maine,0,0,1,40,13120,0,22,219,1579,15,3,844,450,1533,1,3992,2827,0,2,0,11.88000011,10.03999996,14,4,16,64,1,9.48196888,10.72812366,11.50567913,6.739336491,3.135494232,7.946971416,8.292298317,0,-1,0,0.5,0
Kennebec,2306,2010,0,100195,4722,45586,0.119999997,12023.40039,0,2,Maine,0,0,1,118,25999.57031,1,13,203,1621,15,3,844,450,1533,0,13120,2827,1,2,0,9.520000458,7.980000019,11.31999969,5,25,125,0,10.16587353,10.72735596,11.5148735,6.739336491,2.639057398,7.946971416,9.48196888,0,1,0,0.5,0
Kennebec,2306,2011,0,100294,5314,46564,0.119999997,12035.28027,0,2,Maine,0,0,1,448,514435.7188,1,,,,,1,844,450,1533,1,25999.57031,2827,1,2,0,9.869999886,8.220000267,11.80000019,6,36,216,1,13.15082741,10.74858284,11.51586151,6.739336491,,7.946971416,10.16587353,0,0,0,0.5,0
Kennebec,2306,2012,0,100257,5833,46353,0.128999993,12933.15332,0,2,Maine,0,0,1,425,1404069.75,0,,,,,1,844,450,1533,1,514435.7188,2827,0,2,0,11.34000015,,,7,49,343,1,14.15488625,10.74404144,11.51549244,6.739336491,,7.946971416,13.15082741,0,-1,0,0.5,0
Kennebec,2306,2013,0,100080,5774,45597,0.140000001,14011.2002,0,2,Maine,0,0,1,42,643618.0625,0,,,,,1,844,450,1533,0,1404069.75,2827,0,2,0,13.73999977,,,8,64,512,0,13.37486267,10.72759724,11.51372528,6.739336491,,7.946971416,14.15488625,0,0,0,0.5,0
Knox,2307,2006,0,,,,,0,0,2,Maine,0,0,1,4,552,0,9,191,1526,16,3,108,75,371,0,0,554,0,2,0,,,,1,1,1,0,6.315358162,,,4.691348076,2.302585125,6.317164898,,,,,0,0
Knox,2307,2007,0,33801,1127,42495,0.120999999,4089.920898,0,2,Maine,0,0,1,0,0,0,7,192,1554,16,3,108,75,371,0,552,554,0,2,0,,,,2,4,8,0,0,10.65714169,10.42824554,4.691348076,2.079441547,6.317164898,6.315358162,0,0,0,0,0
Knox,2307,2008,0,33753,1178,44863,0.119000003,4016.606934,0,2,Maine,0,0,1,5,2495,0,10,193,1547,16,3,108,75,371,0,0,554,0,2,0,11.15999985,9.390000343,13.22000027,3,9,27,0,7.822444916,10.71136856,10.42682457,4.691348076,2.397895336,6.317164898,0,0,0,0,0,0
Knox,2307,2009,0,34102,1052,44904,0.123000003,4194.545898,0,2,Maine,0,0,1,15,139.6499939,0,11,219,1579,16,3,108,75,371,0,2495,554,0,2,0,11.88000011,10.03999996,14,4,16,64,0,4.946274281,10.71228218,10.4371109,4.691348076,2.484906673,6.317164898,7.822444916,0,0,0,0,0
Knox,2307,2010,0,33106,1160,44439,0.129999995,4303.779785,0,2,Maine,0,0,1,2,132.6999969,0,7,203,1621,16,3,108,75,371,0,139.6499939,554,0,2,0,9.520000458,7.980000019,11.31999969,5,25,125,0,4.895598412,10.70187283,10.40746975,4.691348076,2.079441547,6.317164898,4.946274281,0,0,0,0,0
Knox,2307,2011,0,33029,1027,46475,0.112999998,3732.2771,0,2,Maine,0,0,1,3,360,0,,,,,1,108,75,371,0,132.6999969,554,0,2,0,9.869999886,8.220000267,11.80000019,6,36,216,0,5.888877869,10.74666977,10.40514088,4.691348076,,6.317164898,4.895598412,0,0,0,0,0
Knox,2307,2012,0,32996,1199,48026,0.107000001,3530.572021,0,2,Maine,0,0,1,0,0,0,,,,,1,108,75,371,0,360,554,0,2,0,11.34000015,,,7,49,343,0,0,10.7794981,10.40414143,4.691348076,,6.317164898,5.888877869,0,0,0,0,0
Knox,2307,2013,0,33063,955,50728,0.105999999,3504.677979,0,2,Maine,0,0,1,3,49871,0,,,,,1,108,75,371,0,0,554,0,2,0,13.73999977,,,8,64,512,0,10.81721497,10.83423328,10.40616989,4.691348076,,6.317164898,0,0,0,0,0,0
Lincoln,2308,2006,0,,,,,0,0,2,Maine,0,0,1,4,552,0,,,,,1,80,71,289,0,0,440,0,2,0,,,,1,1,1,0,6.315358162,,,4.394449234,,6.086774826,,,,,0.125,0
Lincoln,2308,2007,0,28811,1070,45620,0.137999997,3975.917969,0,2,Maine,0,0,1,0,0,1,,,,,1,80,71,289,0,552,440,1,2,0,,,,2,4,8,0,0,10.72810173,10.26851273,4.394449234,,6.086774826,6.315358162,0,1,0,0.125,0
Lincoln,2308,2008,0,28940,1059,48232,0.101000004,2922.939941,0,2,Maine,0,0,1,1,138,0,,,,,1,80,71,289,1,0,440,0,2,0,11.15999985,9.390000343,13.22000027,3,9,27,1,4.934473991,10.78377819,10.27297974,4.394449234,,6.086774826,0,0,-1,0,0.125,0
Lincoln,2308,2009,0,29098,1122,48707,0.097000003,2822.506104,0,2,Maine,0,0,1,0,0,0,,,,,1,80,71,289,0,138,440,0,2,0,11.88000011,10.03999996,14,4,16,64,0,0,10.79357815,10.27842426,4.394449234,,6.086774826,4.934473991,0,0,0,0.125,0
Lincoln,2308,2010,0,29096,1140,48315,0.103,2996.887939,0,2,Maine,0,0,1,0,0,0,,,,,1,80,71,289,0,0,440,0,2,0,9.520000458,7.980000019,11.31999969,5,25,125,0,0,10.78549767,10.2783556,4.394449234,,6.086774826,0,0,0,0,0.125,0
Lincoln,2308,2011,0,28913,1162,47128,0.100000001,2891.300049,0,2,Maine,0,0,1,0,0,0,,,,,1,80,71,289,0,0,440,0,2,0,9.869999886,8.220000267,11.80000019,6,36,216,0,0,10.76062298,10.27204704,4.394449234,,6.086774826,0,0,0,0,0.125,0
Lincoln,2308,2012,0,28827,1056,48059,0.128000006,3689.855957,0,2,Maine,0,0,1,0,0,0,,,,,1,80,71,289,0,0,440,0,2,0,11.34000015,,,7,49,343,0,0,10.78018475,10.26906776,4.394449234,,6.086774826,0,0,0,0,0.125,0
Lincoln,2308,2013,0,28829,825,50772,0.125,3603.625,0,2,Maine,0,0,1,0,0,0,,,,,1,80,71,289,0,0,440,0,2,0,13.73999977,,,8,64,512,0,0,10.83510017,10.26913738,4.394449234,,6.086774826,0,0,0,0,0.125,0
Oxford,2309,2006,0,,,,,0,0,2,Maine,0,0,1,24,5509.5,0,13,191,1526,23,3,291,264,626,0,0,1181,0,2,0,,,,1,1,1,0,8.6144104,,,5.676753998,2.639057398,7.074116707,,,,,0.25,0.125
Oxford,2309,2007,0,46057,2156,37175,0.156000003,7184.89209,0,2,Maine,0,0,1,6,5613,1,21,192,1554,23,3,291,264,626,0,5509.5,1181,1,2,0,,,,2,4,8,0,8.633018494,10.52339172,10.73763466,5.676753998,3.091042519,7.074116707,8.6144104,0,1,0,0.25,0.125
Oxford,2309,2008,0,46447,2427,38987,0.189999998,8824.929688,0,2,Maine,0,0,1,1,138,0,18,193,1547,23,3,291,264,626,1,5613,1181,0,2,0,11.15999985,9.390000343,13.22000027,3,9,27,1,4.934473991,10.57098389,10.74606705,5.676753998,2.944438934,7.074116707,8.633018494,0,-1,0,0.25,0.125
Oxford,2309,2009,0,46028,2554,40440,0.129999995,5983.640137,0,2,Maine,0,0,1,0,0,0,25,219,1579,23,3,291,264,626,0,138,1181,0,2,0,11.88000011,10.03999996,14,4,16,64,0,0,10.60757446,10.73700523,5.676753998,3.258096457,7.074116707,4.934473991,0,0,0,0.25,0.125
Oxford,2309,2010,0,47135,3139,40989,0.130999997,6174.685059,0,2,Maine,0,0,1,0,0,0,21,203,1621,23,3,291,264,626,0,0,1181,0,2,0,9.520000458,7.980000019,11.31999969,5,25,125,0,0,10.62105942,10.7607708,5.676753998,3.091042519,7.074116707,0,0,0,0,0.25,0.125
Oxford,2309,2011,1,47172,3165,39985,0.143999994,6792.768066,0,2,Maine,0,0,1,206,131652.625,1,,,,,1,291,264,626,0,0,1181,1,2,0,9.869999886,8.220000267,11.80000019,6,36,216,0,11.78792953,10.59626007,10.76155567,5.676753998,,7.074116707,0,0,1,1,0.25,0.125
Oxford,2309,2012,0,47108,3220,40286,0.165999994,7819.928223,0,2,Maine,0,0,1,654,324906.2813,0,,,,,1,291,264,626,1,131652.625,1181,0,2,0,11.34000015,,,7,49,343,1,12.69129467,10.60375977,10.76019859,5.676753998,,7.074116707,11.78792953,1,-1,-1,0.25,0.125
Oxford,2309,2013,0,47327,2760,39218,0.163000003,7714.300781,0,2,Maine,0,0,1,924,287733.6875,0,,,,,1,291,264,626,0,324906.2813,1181,0,2,0,13.73999977,,,8,64,512,0,12.5697937,10.57689095,10.76483631,5.676753998,,7.074116707,12.69129467,0,0,0,0.25,0.125
Penobscot,2310,2006,0,120808,4112,39244,0.158000007,19087.66406,0,2,Maine,0,0,1,6,1550,0,8,191,1526,24,3,961,1570,1658,0,0,4189,0,2,0,,,,1,1,1,0,7.346655369,10.57755375,11.7019577,6.869014263,2.197224617,8.34021759,,,,,0.5,0
Penobscot,2310,2007,0,121213,4562,41336,0.142000005,17212.24609,0,2,Maine,0,0,1,4,1996,0,5,192,1554,24,3,961,1570,1658,0,1550,4189,0,2,0,,,,2,4,8,0,7.599401474,10.62948895,11.70530415,6.869014263,1.791759491,8.34021759,7.346655369,0,0,0,0.5,0
Penobscot,2310,2008,0,121766,4242,42585,0.153999999,18751.96484,0,2,Maine,0,0,1,0,0,0,6,193,1547,24,3,961,1570,1658,0,1996,4189,0,2,0,11.15999985,9.390000343,13.22000027,3,9,27,0,0,10.65925694,11.70985603,6.869014263,1.945910096,8.34021759,7.599401474,0,0,0,0.5,0
Penobscot,2310,2009,0,122664,4670,41365,0.155000001,19012.91992,0,2,Maine,0,0,1,0,0,0,6,219,1579,24,3,961,1570,1658,0,0,4189,0,2,0,11.88000011,10.03999996,14,4,16,64,0,0,10.63019085,11.71720409,6.869014263,1.945910096,8.34021759,0,0,0,0,0.5,0
Penobscot,2310,2010,0,126568,5785,42251,0.163000003,20630.58398,0,2,Maine,0,0,1,4,384.2000122,0,2,203,1621,24,3,961,1570,1658,0,0,4189,0,2,0,9.520000458,7.980000019,11.31999969,5,25,125,0,5.953762531,10.6513834,11.74853516,6.869014263,1.098612309,8.34021759,0,0,0,0,0.5,0
Penobscot,2310,2011,0,127047,6456,42489,0.170000002,21597.99023,0,2,Maine,0,0,1,1,138,0,,,,,1,961,1570,1658,0,384.2000122,4189,0,2,0,9.869999886,8.220000267,11.80000019,6,36,216,0,4.934473991,10.65700054,11.75231266,6.869014263,,8.34021759,5.953762531,0,0,0,0.5,0
Penobscot,2310,2012,0,127672,6639,42334,0.180000007,22980.96094,0,2,Maine,0,0,1,18,194765,1,,,,,1,961,1570,1658,0,138,4189,1,2,0,11.34000015,,,7,49,343,0,12.17955399,10.65334606,11.75721931,6.869014263,,8.34021759,4.934473991,0,1,0,0.5,0
Penobscot,2310,2013,0,128249,6509,42648,0.177000001,22700.07227,0,2,Maine,0,0,1,3,360,3,,,,,1,961,1570,1658,1,194765,4189,1,2,0,13.73999977,,,8,64,512,1,5.888877869,10.66073608,11.76172924,6.869014263,,8.34021759,12.17955399,0,2,0,0.5,0
Piscataquis,2311,2006,0,,,,,0,0,2,Maine,0,0,1,8,2829.709961,0,1,191,1526,26,3,12,109,75,0,0,196,0,2,0,,,,1,1,1,0,7.948282719,,,2.564949274,0.693147182,5.278114796,,,,,0.125,0
Piscataquis,2311,2007,0,,,,,0,0,2,Maine,0,0,1,6,828,0,1,192,1554,26,3,12,109,75,0,2829.709961,196,0,2,0,,,,2,4,8,0,6.720220089,,,2.564949274,0.693147182,5.278114796,7.948282719,0,0,0,0.125,0
Piscataquis,2311,2008,0,,,,,0,0,2,Maine,0,0,1,2,117.4199982,0,4,193,1547,26,3,12,109,75,0,828,196,0,2,0,11.15999985,9.390000343,13.22000027,3,9,27,0,4.774237633,,,2.564949274,1.609437943,5.278114796,6.720220089,0,0,0,0.125,0
Piscataquis,2311,2009,0,,,,,0,0,2,Maine,0,0,1,0,0,0,1,219,1579,26,3,12,109,75,0,117.4199982,196,0,2,0,11.88000011,10.03999996,14,4,16,64,0,0,,,2.564949274,0.693147182,5.278114796,4.774237633,0,0,0,0.125,0
Piscataquis,2311,2010,0,,,,,0,0,2,Maine,0,0,1,4,234.8399963,0,0,203,1621,26,3,12,109,75,0,0,196,0,2,0,9.520000458,7.980000019,11.31999969,5,25,125,0,5.463153362,,,2.564949274,0,5.278114796,0,0,0,0,0.125,0
Piscataquis,2311,2011,0,,,,,0,0,2,Maine,0,0,1,0,0,1,,,,,1,12,109,75,0,234.8399963,196,1,2,0,9.869999886,8.220000267,11.80000019,6,36,216,0,0,,,2.564949274,,5.278114796,5.463153362,0,1,0,0.125,0
Piscataquis,2311,2012,0,,,,,0,0,2,Maine,0,0,1,3,58086,0,,,,,1,12,109,75,1,0,196,0,2,0,11.34000015,,,7,49,343,1,10.969697,,,2.564949274,,5.278114796,0,0,-1,0,0.125,0
Piscataquis,2311,2013,0,,,,,0,0,2,Maine,0,0,1,0,0,0,,,,,1,12,109,75,0,58086,196,0,2,0,13.73999977,,,8,64,512,0,0,,,2.564949274,,5.278114796,10.969697,0,0,0,0.125,0
Sagadahoc,2312,2006,0,,,,,0,0,2,Maine,0,0,1,5,690,0,7,191,1526,28,3,305,26,520,0,0,851,0,2,0,,,,1,1,1,0,6.53813982,,,5.723585129,2.079441547,6.746412277,,,,,0,0
Sagadahoc,2312,2007,0,29042,828,52569,0.092,2671.864014,0,2,Maine,0,0,1,0,0,0,5,192,1554,28,3,305,26,520,0,690,851,0,2,0,,,,2,4,8,0,0,10.86988163,10.27649879,5.723585129,1.791759491,6.746412277,6.53813982,0,0,0,0,0
Sagadahoc,2312,2008,0,29273,1000,54099,0.093000002,2722.388916,0,2,Maine,0,0,1,0,0,0,5,193,1547,28,3,305,26,520,0,0,851,0,2,0,11.15999985,9.390000343,13.22000027,3,9,27,0,0,10.89857101,10.28442097,5.723585129,1.791759491,6.746412277,0,0,0,0,0,0
Sagadahoc,2312,2009,0,29817,888,56203,0.081,2415.177002,0,2,Maine,0,0,1,0,0,0,6,219,1579,28,3,305,26,520,0,0,851,0,2,0,11.88000011,10.03999996,14,4,16,64,0,0,10.93672562,10.30283356,5.723585129,1.945910096,6.746412277,0,0,0,0,0,0
Sagadahoc,2312,2010,0,29034,1145,55891,0.085000001,2467.889893,0,2,Maine,0,0,1,0,0,0,2,203,1621,28,3,305,26,520,0,0,851,0,2,0,9.520000458,7.980000019,11.31999969,5,25,125,0,0,10.93115902,10.27622318,5.723585129,1.098612309,6.746412277,0,0,0,0,0,0
Sagadahoc,2312,2011,0,28765,1055,57640,0.101000004,2905.264893,0,2,Maine,0,0,1,0,0,0,,,,,1,305,26,520,0,0,851,0,2,0,9.869999886,8.220000267,11.80000019,6,36,216,0,0,10.96197224,10.26691437,5.723585129,,6.746412277,0,0,0,0,0,0
Sagadahoc,2312,2012,0,28691,1207,52248,0.112000003,3213.39209,0,2,Maine,0,0,1,3,237.4199982,0,,,,,1,305,26,520,0,0,851,0,2,0,11.34000015,,,7,49,343,0,5.474033833,10.86375713,10.26433849,5.723585129,,6.746412277,0,0,0,0,0,0
Sagadahoc,2312,2013,0,28668,1280,50549,0.130999997,3755.508057,0,2,Maine,0,0,1,0,0,0,,,,,1,305,26,520,0,237.4199982,851,0,2,0,13.73999977,,,8,64,512,0,0,10.83069801,10.26353645,5.723585129,,6.746412277,5.474033833,0,0,0,0,0
Somerset,2313,2006,0,,,,,0,0,2,Maine,0,0,1,18,8621,0,15,191,1526,29,3,166,247,458,0,0,871,0,2,0,,,,1,1,1,0,9.062072754,,,5.117993832,2.77258873,6.769641876,,,,,0.25,0
Somerset,2313,2007,0,41716,2061,36154,0.166999996,6966.571777,0,2,Maine,0,0,1,0,0,0,15,192,1554,29,3,166,247,458,0,8621,871,0,2,0,,,,2,4,8,0,0,10.49554253,10.6386404,5.117993832,2.77258873,6.769641876,9.062072754,0,0,0,0.25,0
Somerset,2313,2008,0,42000,1991,36211,0.174999997,7350,0,2,Maine,0,0,1,0,0,1,13,193,1547,29,3,166,247,458,0,0,871,1,2,0,11.15999985,9.390000343,13.22000027,3,9,27,0,0,10.497118,10.64542484,5.117993832,2.639057398,6.769641876,0,0,1,0,0.25,0
Somerset,2313,2009,0,41745,2124,35212,0.187999994,7848.060059,0,2,Maine,0,0,1,0,0,0,13,219,1579,29,3,166,247,458,1,0,871,0,2,0,11.88000011,10.03999996,14,4,16,64,1,0,10.46914196,10.63933468,5.117993832,2.639057398,6.769641876,0,0,-1,0,0.25,0
Somerset,2313,2010,0,42521,2163,35862,0.189999998,8078.990234,0,2,Maine,0,0,1,6,756,0,13,203,1621,29,3,166,247,458,0,0,871,0,2,0,9.520000458,7.980000019,11.31999969,5,25,125,0,6.62936306,10.48743343,10.65775299,5.117993832,2.639057398,6.769641876,0,0,0,0,0.25,0
Somerset,2313,2011,0,42470,2261,37358,0.184,7814.47998,0,2,Maine,0,0,1,3,79688,0,,,,,1,166,247,458,0,756,871,0,2,0,9.869999886,8.220000267,11.80000019,6,36,216,0,11.28588676,10.52830219,10.65655327,5.117993832,,6.769641876,6.62936306,0,0,0,0.25,0
Somerset,2313,2012,0,42399,2348,38350,0.175999999,7462.224121,0,2,Maine,0,0,1,3,66278,1,,,,,1,166,247,458,0,79688,871,1,2,0,11.34000015,,,7,49,343,0,11.1016283,10.55451012,10.65488052,5.117993832,,6.769641876,11.28588676,0,1,0,0.25,0
Somerset,2313,2013,0,42361,2319,39290,0.174999997,7413.174805,0,2,Maine,0,0,1,0,0,0,,,,,1,166,247,458,1,66278,871,0,2,0,13.73999977,,,8,64,512,1,0,10.57872486,10.65398312,5.117993832,,6.769641876,11.1016283,0,-1,0,0.25,0
Waldo,2314,2006,0,,,,,0,0,2,Maine,0,0,1,4,432,0,9,191,1526,31,3,139,78,360,0,0,577,0,2,0,,,,1,1,1,0,6.070737839,,,4.941642284,2.302585125,6.357842445,,,,,0,0
Waldo,2314,2007,0,31085,1562,40470,0.163000003,5066.85498,0,2,Maine,0,0,1,0,0,0,11,192,1554,31,3,139,78,360,0,432,577,0,2,0,,,,2,4,8,0,0,10.60831642,10.34448051,4.941642284,2.484906673,6.357842445,6.070737839,0,0,0,0,0
Waldo,2314,2008,0,31350,1480,44144,0.136999995,4294.950195,0,2,Maine,0,0,1,0,0,0,7,193,1547,31,3,139,78,360,0,0,577,0,2,0,11.15999985,9.390000343,13.22000027,3,9,27,0,0,10.69521236,10.35296917,4.941642284,2.079441547,6.357842445,0,0,0,0,0,0
Waldo,2314,2009,0,31376,1690,41888,0.128000006,4016.12793,0,2,Maine,0,0,1,0,0,0,7,219,1579,31,3,139,78,360,0,0,577,0,2,0,11.88000011,10.03999996,14,4,16,64,0,0,10.64275455,10.35379887,4.941642284,2.079441547,6.357842445,0,0,0,0,0,0
Waldo,2314,2010,0,31971,1614,40753,0.136000007,4348.056152,0,2,Maine,0,0,1,23,18263.38086,0,7,203,1621,31,3,139,78,360,0,0,577,0,2,0,9.520000458,7.980000019,11.31999969,5,25,125,0,9.812707901,10.61528492,10.37258434,4.941642284,2.079441547,6.357842445,0,0,0,0,0,0
Waldo,2314,2011,0,31687,1932,40511,0.150000006,4753.049805,0,2,Maine,0,0,1,37,72213,0,,,,,1,139,78,360,0,18263.38086,577,0,2,0,9.869999886,8.220000267,11.80000019,6,36,216,0,11.18738937,10.60932922,10.36366177,4.941642284,,6.357842445,9.812707901,0,0,0,0,0
Waldo,2314,2012,0,31817,1789,40094,0.172999993,5504.34082,0,2,Maine,0,0,1,0,0,0,,,,,1,139,78,360,0,72213,577,0,2,0,11.34000015,,,7,49,343,0,0,10.59898186,10.36775589,4.941642284,,6.357842445,11.18738937,0,0,0,0,0
Waldo,2314,2013,0,31870,1657,42385,0.179000005,5704.72998,0,2,Maine,0,0,1,0,0,0,,,,,1,139,78,360,0,0,577,0,2,0,13.73999977,,,8,64,512,0,0,10.6545496,10.36942005,4.941642284,,6.357842445,0,0,0,0,0,0
Washington,2315,2006,0,,,,,0,0,2,Maine,0,0,1,0,0,0,5,191,1526,32,3,134,1273,471,0,0,1878,0,2,0,,,,1,1,1,0,0,,,4.905274868,1.791759491,7.537962437,,,,,0.25,0
Washington,2315,2007,0,26912,1495,33171,0.196999997,5301.664063,0,2,Maine,0,0,1,2,998,0,7,192,1554,32,3,134,1273,471,0,0,1878,0,2,0,,,,2,4,8,0,6.906754971,10.40943146,10.20032787,4.905274868,2.079441547,7.537962437,0,0,0,0,0.25,0
Washington,2315,2008,0,26820,1454,34459,0.194000006,5203.080078,0,2,Maine,0,0,1,0,0,1,43,193,1547,32,3,134,1273,471,0,998,1878,1,2,0,11.15999985,9.390000343,13.22000027,3,9,27,0,0,10.44752502,10.19690323,4.905274868,3.784189701,7.537962437,6.906754971,0,1,0,0.25,0
Washington,2315,2009,0,26735,1491,33614,0.204999998,5480.674805,0,2,Maine,0,0,1,0,0,0,24,219,1579,32,3,134,1273,471,1,0,1878,0,2,0,11.88000011,10.03999996,14,4,16,64,1,0,10.42269802,10.19372845,4.905274868,3.218875885,7.537962437,0,0,-1,0,0.25,0
Washington,2315,2010,0,27237,1745,33707,0.199000001,5420.163086,0,2,Maine,0,0,1,1,47069,0,34,203,1621,32,3,134,1273,471,0,0,1878,0,2,0,9.520000458,7.980000019,11.31999969,5,25,125,0,10.75939083,10.42546082,10.21233177,4.905274868,3.555348158,7.537962437,0,0,0,0,0.25,0
Washington,2315,2011,0,27296,1805,35270,0.203999996,5568.383789,0,2,Maine,0,0,1,0,0,0,,,,,1,134,1273,471,0,47069,1878,0,2,0,9.869999886,8.220000267,11.80000019,6,36,216,0,0,10.470788,10.21449566,4.905274868,,7.537962437,10.75939083,0,0,0,0.25,0
Washington,2315,2012,0,27189,1713,36647,0.196999997,5356.23291,0,2,Maine,0,0,1,322,258509.2969,0,,,,,1,134,1273,471,0,0,1878,0,2,0,11.34000015,,,7,49,343,0,12.46269035,10.50908661,10.21056747,4.905274868,,7.537962437,0,0,0,0,0.25,0
Washington,2315,2013,0,27161,1528,37503,0.194000006,5269.233887,0,2,Maine,0,0,1,229,52317.73047,1,,,,,1,134,1273,471,0,258509.2969,1878,1,2,0,13.73999977,,,8,64,512,0,10.86510944,10.53217602,10.20953751,4.905274868,,7.537962437,12.46269035,0,1,0,0.25,0
York,2316,2006,0,163151,5451,50943,0.081,13215.23145,0,2,Maine,0,0,1,17,4378.899902,0,46,191,1526,35,3,1131,713,2392,0,0,4236,0,2,0,,,,1,1,1,0,8.384780884,10.83846283,12.00243187,7.031741142,3.850147486,8.351374626,,,,,0.625,0
York,2316,2007,0,161752,5262,52726,0.086999997,14072.42383,0,2,Maine,0,0,1,6,2994,0,31,192,1554,35,3,1131,713,2392,0,4378.899902,4236,0,2,0,,,,2,4,8,0,8.004699707,10.87286377,11.99381924,7.031741142,3.465735912,8.351374626,8.384780884,0,0,0,0.625,0
York,2316,2008,0,162349,5715,54463,0.090000004,14611.41016,0,2,Maine,0,0,1,22,7471,0,23,193,1547,35,3,1131,713,2392,0,2994,4236,0,2,0,11.15999985,9.390000343,13.22000027,3,9,27,0,8.918917656,10.90527725,11.99750328,7.031741142,3.178053856,8.351374626,8.004699707,0,0,0,0.625,0
York,2316,2009,0,163751,7052,53940,0.082000002,13427.58203,0,2,Maine,0,0,1,4,420144.1875,0,19,219,1579,35,3,1131,713,2392,0,7471,4236,0,2,0,11.88000011,10.03999996,14,4,16,64,0,12.94835567,10.89562798,12.00610256,7.031741142,2.995732307,8.351374626,8.918917656,0,0,0,0.625,0
York,2316,2010,0,160185,7725,54659,0.090999998,14576.83496,0,2,Maine,0,0,1,4,47483,2,20,203,1621,35,3,1131,713,2392,0,420144.1875,4236,1,2,0,9.520000458,7.980000019,11.31999969,5,25,125,0,10.76814842,10.90886879,11.98408508,7.031741142,3.044522524,8.351374626,12.94835567,0,2,0,0.625,0
York,2316,2011,0,161031,8666,57279,0.088,14170.72754,0,2,Maine,0,0,1,0,0,2,,,,,1,1131,713,2392,2,47483,4236,1,2,0,9.869999886,8.220000267,11.80000019,6,36,216,1,0,10.95568943,11.98935223,7.031741142,,8.351374626,10.76814842,0,0,0,0.625,0
York,2316,2012,0,161690,8098,56104,0.101999998,16492.38086,0,2,Maine,0,0,1,489,298490.7188,0,,,,,1,1131,713,2392,2,0,4236,0,2,0,11.34000015,,,7,49,343,1,12.60649776,10.93496227,11.99343586,7.031741142,,8.351374626,0,0,-2,0,0.625,0
York,2316,2013,0,163007,7297,55744,0.098999999,16137.69336,0,2,Maine,0,0,1,275,1257251.625,1,,,,,1,1131,713,2392,0,298490.7188,4236,1,2,0,13.73999977,,,8,64,512,0,14.04443932,10.92852497,12.00154877,7.031741142,,8.351374626,12.60649776,0,1,0,0.625,0
Carson City,3201,2006,0,,,,,,0,4,Nevada,1,0,0,30,14970,0,195,987,18508,4,3,746,1080,11141,0,0,12967,0,3,0,,,,1,1,1,0,9.613870621,,,6.616065025,5.278114796,9.470163345,,,,,0.25,0
Carson City,3201,2007,0,,,,,,0,4,Nevada,1,0,0,0,0,1,206,890,19257,4,3,746,1080,11141,0,14970,12967,1,3,0,,,,2,4,8,0,0,,,6.616065025,5.332718849,9.470163345,9.613870621,0,1,0,0.25,0
Carson City,3201,2008,0,,,,,,0,4,Nevada,1,0,0,0,0,1,231,986,18837,4,3,746,1080,11141,1,0,12967,1,3,0,9.739999771,8,11.80000019,3,9,27,1,0,,,6.616065025,5.446737289,9.470163345,0,0,0,0,0.25,0
Carson City,3201,2009,0,45588,3641,53119,0.133000001,6063.204102,0,4,Nevada,1,0,0,0,0,0,180,873,18559,4,3,746,1080,11141,1,0,12967,0,3,0,9.520000458,7.849999905,11.5,4,16,64,1,0,10.88029003,10.72739983,6.616065025,5.198496819,9.470163345,0,0,-1,0,0.25,0
Carson City,3201,2010,0,44813,4946,54492,0.138999999,6229.006836,0,4,Nevada,1,0,0,0,0,0,162,1130,17841,4,3,746,1080,11141,0,0,12967,0,3,0,9.75,7.949999809,11.89000034,5,25,125,0,0,10.9058094,10.71025372,6.616065025,5.09375,9.470163345,0,0,0,0,0.25,0
Carson City,3201,2011,0,45110,5692,54927,0.149000004,6721.390137,0,4,Nevada,1,0,0,0,0,0,,,,,1,746,1080,11141,0,0,12967,0,3,0,11.05000019,9.069999695,13.39999962,6,36,216,0,0,10.91376019,10.71685886,6.616065025,,9.470163345,0,0,0,0,0.25,0
Carson City,3201,2012,0,44857,4600,52436,0.163000003,7311.690918,0,4,Nevada,1,0,0,13,3890.26001,0,,,,,1,746,1080,11141,0,0,12967,0,3,0,10.84000015,,,7,49,343,0,8.266488075,10.86734867,10.71123505,6.616065025,,9.470163345,0,0,0,0,0.25,0
Carson City,3201,2013,0,44234,3564,50233,0.155000001,6856.27002,0,4,Nevada,1,0,0,0,0,0,,,,,1,746,1080,11141,0,3890.26001,12967,0,3,0,9.539999962,,,8,64,512,0,0,10.8244276,10.69724941,6.616065025,,9.470163345,8.266488075,0,0,0,0.25,0
Churchill,3202,2006,0,,,,,,0,4,Nevada,1,0,0,0,0,0,52,987,18508,6,3,364,915,2869,0,0,4148,0,3,0,,,,1,1,1,0,0,,,5.899897575,3.970291853,8.330381393,,,,,0.125,0
Churchill,3202,2007,0,,,,,,0,4,Nevada,1,0,0,0,0,0,40,890,19257,6,3,364,915,2869,0,0,4148,0,3,0,,,,2,4,8,0,0,,,5.899897575,3.713572025,8.330381393,0,0,0,0,0.125,0
Churchill,3202,2008,0,,,,,,0,4,Nevada,1,0,0,0,0,0,20,986,18837,6,3,364,915,2869,0,0,4148,0,3,0,9.739999771,8,11.80000019,3,9,27,0,0,,,5.899897575,3.044522524,8.330381393,0,0,0,0,0.125,0
Churchill,3202,2009,0,18510,798,53158,0.082000002,1517.819946,0,4,Nevada,1,0,0,0,0,0,23,873,18559,6,3,364,915,2869,0,0,4148,0,3,0,9.520000458,7.849999905,11.5,4,16,64,0,0,10.88102436,9.826066017,5.899897575,3.178053856,8.330381393,0,0,0,0,0.125,0
Churchill,3202,2010,0,19264,1194,53945,0.085000001,1637.439941,0,4,Nevada,1,0,0,0,0,0,39,1130,17841,6,3,364,915,2869,0,0,4148,0,3,0,9.75,7.949999809,11.89000034,5,25,125,0,0,10.89572048,9.8659935,5.899897575,3.68887949,8.330381393,0,0,0,0,0.125,0
Churchill,3202,2011,0,19460,1228,51351,0.115999997,2257.360107,0,4,Nevada,1,0,0,0,0,1,,,,,1,364,915,2869,0,0,4148,1,3,0,11.05000019,9.069999695,13.39999962,6,36,216,0,0,10.84643936,9.876116753,5.899897575,,8.330381393,0,0,1,0,0.125,0
Churchill,3202,2012,0,19509,1537,48604,0.153999999,3004.385986,0,4,Nevada,1,0,0,0,0,0,,,,,1,364,915,2869,1,0,4148,0,3,0,10.84000015,,,7,49,343,1,0,10.79146099,9.878631592,5.899897575,,8.330381393,0,0,-1,0,0.125,0
Churchill,3202,2013,0,19166,1285,47911,0.165000007,3162.389893,0,4,Nevada,1,0,0,0,0,0,,,,,1,364,915,2869,0,0,4148,0,3,0,9.539999962,,,8,64,512,0,0,10.77710056,9.86089325,5.899897575,,8.330381393,0,0,0,0,0.125,0
Clark,3203,2006,0,,,,,,0,4,Nevada,1,0,0,8,2548,18,,,,,1,187833,8806,533916,10,0,730555,1,3,0,,,,1,1,1,1,7.843456268,,,12.14331341,,13.50156021,,,,,12.25,1.375
Clark,3203,2007,1,,,,,,0,4,Nevada,1,0,0,12,1656,11,,,,,1,187833,8806,533916,18,2548,730555,1,3,0,,,,2,4,8,1,7.412764072,,,12.14331341,,13.50156021,7.843456268,0,-7,1,12.25,1.375
Clark,3203,2008,1,,,,,,0,4,Nevada,1,0,0,26,12974,10,,,,,1,187833,8806,533916,11,1656,730555,1,3,0,9.739999771,8,11.80000019,3,9,27,1,9.470779419,,,12.14331341,,13.50156021,7.412764072,1,-1,0,12.25,1.375
Clark,3203,2009,1,1429499,82529,55767,0.112000003,160103.8906,0,4,Nevada,1,0,0,335,134388.7656,11,,,,,1,187833,8806,533916,10,12974,730555,1,3,0,9.520000458,7.849999905,11.5,4,16,64,1,11.80849934,10.92893791,14.1728344,12.14331341,,13.50156021,9.470779419,1,1,0,12.25,1.375
Clark,3203,2010,1,1503103,115799,54458,0.128999993,193900.2813,0,4,Nevada,1,0,0,958,243898.8438,16,,,,,1,187833,8806,533916,11,134388.7656,730555,1,3,0,9.75,7.949999809,11.89000034,5,25,125,1,12.40451336,10.90518475,14.22304249,12.14331341,,13.50156021,11.80849934,1,5,0,12.25,1.375
Clark,3203,2011,1,1520517,133982,52406,0.147,223516,0,4,Nevada,1,0,0,97,223534.3125,13,,,,,1,187833,8806,533916,16,243898.8438,730555,1,3,0,11.05000019,9.069999695,13.39999962,6,36,216,1,12.31732464,10.86677647,14.23456097,12.14331341,,13.50156021,12.40451336,1,-3,0,12.25,1.375
Clark,3203,2012,3,1539701,134959,50943,0.160999998,247891.8594,0,4,Nevada,1,0,0,226,1211795.125,11,,,,,1,187833,8806,533916,13,223534.3125,730555,1,3,0,10.84000015,,,7,49,343,1,14.00761414,10.83846283,14.24709892,12.14331341,,13.50156021,12.31732464,1,-2,2,12.25,1.375
Clark,3203,2013,3,1563963,125462,50498,0.163000003,254925.9688,0,4,Nevada,1,0,0,1407,616554.0625,8,,,,,1,187833,8806,533916,11,1211795.125,730555,1,3,0,9.539999962,,,8,64,512,1,13.3319025,10.82968903,14.26273346,12.14331341,,13.50156021,14.00761414,3,-3,0,12.25,1.375
Douglas,3204,2006,0,,,,,,0,4,Nevada,1,0,0,0,0,0,87,987,18508,8,3,83,710,4858,1,0,5651,0,3,0,,,,1,1,1,1,0,,,4.43081665,4.477336884,8.639587402,,,,,0.125,0
Douglas,3204,2007,0,,,,,,0,4,Nevada,1,0,0,0,0,0,69,890,19257,8,3,83,710,4858,0,0,5651,0,3,0,,,,2,4,8,0,0,,,4.43081665,4.248495102,8.639587402,0,0,0,0,0.125,0
Douglas,3204,2008,0,,,,,,0,4,Nevada,1,0,0,30,11360,0,62,986,18837,8,3,83,710,4858,0,0,5651,0,3,0,9.739999771,8,11.80000019,3,9,27,0,9.337942123,,,4.43081665,4.143134594,8.639587402,0,0,0,0,0.125,0
Douglas,3204,2009,0,37991,2143,59528,0.093000002,3533.163086,0,4,Nevada,1,0,0,3,2820,0,107,873,18559,8,3,83,710,4858,0,11360,5651,0,3,0,9.520000458,7.849999905,11.5,4,16,64,0,7.94484663,10.99420166,10.54510498,4.43081665,4.68213129,8.639587402,9.337942123,0,0,0,0.125,0
Douglas,3204,2010,0,38747,2540,58723,0.093000002,3603.470947,0,4,Nevada,1,0,0,2,1440,0,61,1130,17841,8,3,83,710,4858,0,2820,5651,0,3,0,9.75,7.949999809,11.89000034,5,25,125,0,7.273092747,10.98058701,10.56480885,4.43081665,4.127134323,8.639587402,7.94484663,0,0,0,0.125,0
Douglas,3204,2011,0,38635,3088,58873,0.096000001,3708.959961,0,4,Nevada,1,0,0,0,0,1,,,,,1,83,710,4858,0,1440,5651,1,3,0,11.05000019,9.069999695,13.39999962,6,36,216,0,0,10.98313808,10.56191349,4.43081665,,8.639587402,7.273092747,0,1,0,0.125,0
Douglas,3204,2012,0,38856,2683,57455,0.103,4002.167969,0,4,Nevada,1,0,0,25,3433.049805,0,,,,,1,83,710,4858,1,0,5651,0,3,0,10.84000015,,,7,49,343,1,8.141495705,10.9587574,10.56761742,4.43081665,,8.639587402,0,0,-1,0,0.125,0
Douglas,3204,2013,0,39175,2456,56672,0.107000001,4191.725098,0,4,Nevada,1,0,0,54,155113.8594,0,,,,,1,83,710,4858,0,3433.049805,5651,0,3,0,9.539999962,,,8,64,512,0,11.95192146,10.94503593,10.57579422,4.43081665,,8.639587402,8.141495705,0,0,0,0.125,0
Elko,3205,2006,0,,,,,,0,4,Nevada,1,0,0,2,637,0,19,987,18508,9,3,317,2299,10626,0,0,13242,0,3,0,,,,1,1,1,0,6.458338261,,,5.762051582,2.995732307,9.491148949,,,,,0.125,0
Elko,3205,2007,0,,,,,,0,4,Nevada,1,0,0,0,0,0,25,890,19257,9,3,317,2299,10626,0,637,13242,0,3,0,,,,2,4,8,0,0,,,5.762051582,3.258096457,9.491148949,6.458338261,0,0,0,0.125,0
Elko,3205,2008,0,,,,,,0,4,Nevada,1,0,0,18,14251.08008,0,24,986,18837,9,3,317,2299,10626,0,0,13242,0,3,0,9.739999771,8,11.80000019,3,9,27,0,9.564658165,,,5.762051582,3.218875885,9.491148949,0,0,0,0,0.125,0
Elko,3205,2009,0,35460,1234,66984,0.068999998,2446.73999,0,4,Nevada,1,0,0,0,0,0,25,873,18559,9,3,317,2299,10626,0,14251.08008,13242,0,3,0,9.520000458,7.849999905,11.5,4,16,64,0,0,11.11220932,10.476161,5.762051582,3.258096457,9.491148949,9.564658165,0,0,0,0.125,0
Elko,3205,2010,0,35905,1295,68685,0.057,2046.584961,0,4,Nevada,1,0,0,4,516,0,12,1130,17841,9,3,317,2299,10626,0,0,13242,0,3,0,9.75,7.949999809,11.89000034,5,25,125,0,6.24804306,11.13728619,10.4886322,5.762051582,2.564949274,9.491148949,0,0,0,0,0.125,0
Elko,3205,2011,0,36282,1363,66376,0.088,3192.815918,0,4,Nevada,1,0,0,0,0,0,,,,,1,317,2299,10626,0,516,13242,0,3,0,11.05000019,9.069999695,13.39999962,6,36,216,0,0,11.10309124,10.49907684,5.762051582,,9.491148949,6.24804306,0,0,0,0.125,0
Elko,3205,2012,0,37128,1493,68380,0.097000003,3601.416016,0,4,Nevada,1,0,0,2,49211,1,,,,,1,317,2299,10626,0,0,13242,1,3,0,10.84000015,,,7,49,343,0,10.80389309,11.13283539,10.52212715,5.762051582,,9.491148949,0,0,1,0,0.125,0
Elko,3205,2013,0,37945,1692,68596,0.108999997,4136.004883,0,4,Nevada,1,0,0,165,858642.5,0,,,,,1,317,2299,10626,1,49211,13242,0,3,0,9.539999962,,,8,64,512,1,13.66310883,11.13598919,10.54389286,5.762051582,,9.491148949,10.80389309,0,-1,0,0.125,0
Esmeralda,3206,2006,0,,,,,,0,4,Nevada,1,0,0,0,0,0,3,987,18508,10,3,0,23,93,0,0,116,0,3,0,,,,1,1,1,0,0,,,0,1.386294365,4.753590107,,,,,0,0
Esmeralda,3206,2007,0,,,,,,0,4,Nevada,1,0,0,0,0,0,1,890,19257,10,3,0,23,93,0,0,116,0,3,0,,,,2,4,8,0,0,,,0,0.693147182,4.753590107,0,0,0,0,0,0
Esmeralda,3206,2008,0,,,,,,0,4,Nevada,1,0,0,0,0,0,3,986,18837,10,3,0,23,93,0,0,116,0,3,0,9.739999771,8,11.80000019,3,9,27,0,0,,,0,1.386294365,4.753590107,0,0,0,0,0,0
Esmeralda,3206,2009,0,,,,,0,0,4,Nevada,1,0,0,0,0,0,4,873,18559,10,3,0,23,93,0,0,116,0,3,0,9.520000458,7.849999905,11.5,4,16,64,0,0,,,0,1.609437943,4.753590107,0,0,0,0,0,0
Esmeralda,3206,2010,0,,,,,0,0,4,Nevada,1,0,0,0,0,0,2,1130,17841,10,3,0,23,93,0,0,116,0,3,0,9.75,7.949999809,11.89000034,5,25,125,0,0,,,0,1.098612309,4.753590107,0,0,0,0,0,0
Esmeralda,3206,2011,0,,,,,0,0,4,Nevada,1,0,0,0,0,0,,,,,1,0,23,93,0,0,116,0,3,0,11.05000019,9.069999695,13.39999962,6,36,216,0,0,,,0,,4.753590107,0,0,0,0,0,0
Esmeralda,3206,2012,0,,,,,0,0,4,Nevada,1,0,0,0,0,0,,,,,1,0,23,93,0,0,116,0,3,0,10.84000015,,,7,49,343,0,0,,,0,,4.753590107,0,0,0,0,0,0
Esmeralda,3206,2013,0,,,,,0,0,4,Nevada,1,0,0,0,0,0,,,,,1,0,23,93,0,0,116,0,3,0,9.539999962,,,8,64,512,0,0,,,0,,4.753590107,0,0,0,0,0,0
Eureka,3207,2006,0,,,,,,0,4,Nevada,1,0,0,0,0,0,6,987,18508,11,3,0,63,89,0,0,152,0,3,0,,,,1,1,1,0,0,,,0,1.945910096,5.023880482,,,,,0,0
Eureka,3207,2007,0,,,,,,0,4,Nevada,1,0,0,0,0,0,9,890,19257,11,3,0,63,89,0,0,152,0,3,0,,,,2,4,8,0,0,,,0,2.302585125,5.023880482,0,0,0,0,0,0
Eureka,3207,2008,0,,,,,,0,4,Nevada,1,0,0,0,0,0,6,986,18837,11,3,0,63,89,0,0,152,0,3,0,9.739999771,8,11.80000019,3,9,27,0,0,,,0,1.945910096,5.023880482,0,0,0,0,0,0
Eureka,3207,2009,0,,,,,0,0,4,Nevada,1,0,0,0,0,0,9,873,18559,11,3,0,63,89,0,0,152,0,3,0,9.520000458,7.849999905,11.5,4,16,64,0,0,,,0,2.302585125,5.023880482,0,0,0,0,0,0
Eureka,3207,2010,0,,,,,0,0,4,Nevada,1,0,0,0,0,0,8,1130,17841,11,3,0,63,89,0,0,152,0,3,0,9.75,7.949999809,11.89000034,5,25,125,0,0,,,0,2.197224617,5.023880482,0,0,0,0,0,0
Eureka,3207,2011,0,,,,,0,0,4,Nevada,1,0,0,0,0,0,,,,,1,0,63,89,0,0,152,0,3,0,11.05000019,9.069999695,13.39999962,6,36,216,0,0,,,0,,5.023880482,0,0,0,0,0,0
Eureka,3207,2012,0,,,,,0,0,4,Nevada,1,0,0,0,0,0,,,,,1,0,63,89,0,0,152,0,3,0,10.84000015,,,7,49,343,0,0,,,0,,5.023880482,0,0,0,0,0,0
Eureka,3207,2013,0,,,,,0,0,4,Nevada,1,0,0,0,0,0,,,,,1,0,63,89,0,0,152,0,3,0,9.539999962,,,8,64,512,0,0,,,0,,5.023880482,0,0,0,0,0,0
Humbolt,3208,2006,0,,,,,,0,4,Nevada,1,0,0,0,0,0,51,987,18508,14,3,65,607,3675,0,0,4347,0,3,0,,,,1,1,1,0,0,,,4.189654827,3.951243639,8.377241135,,,,,0.125,0
Humbolt,3208,2007,0,,,,,,0,4,Nevada,1,0,0,0,0,0,63,890,19257,14,3,65,607,3675,0,0,4347,0,3,0,,,,2,4,8,0,0,,,4.189654827,4.158883095,8.377241135,0,0,0,0,0.125,0
Humbolt,3208,2008,0,,,,,,0,4,Nevada,1,0,0,0,0,0,59,986,18837,14,3,65,607,3675,0,0,4347,0,3,0,9.739999771,8,11.80000019,3,9,27,0,0,,,4.189654827,4.094344616,8.377241135,0,0,0,0,0.125,0
Humbolt,3208,2009,0,,,,,0,0,4,Nevada,1,0,0,0,0,0,51,873,18559,14,3,65,607,3675,0,0,4347,0,3,0,9.520000458,7.849999905,11.5,4,16,64,0,0,,,4.189654827,3.951243639,8.377241135,0,0,0,0,0.125,0
Humbolt,3208,2010,0,,,,,0,0,4,Nevada,1,0,0,4,1996,0,50,1130,17841,14,3,65,607,3675,0,0,4347,0,3,0,9.75,7.949999809,11.89000034,5,25,125,0,7.599401474,,,4.189654827,3.931825638,8.377241135,0,0,0,0,0.125,0
Humbolt,3208,2011,0,,,,,0,0,4,Nevada,1,0,0,0,0,0,,,,,1,65,607,3675,0,1996,4347,0,3,0,11.05000019,9.069999695,13.39999962,6,36,216,0,0,,,4.189654827,,8.377241135,7.599401474,0,0,0,0.125,0
Humbolt,3208,2012,0,,,,,0,0,4,Nevada,1,0,0,0,0,0,,,,,1,65,607,3675,0,0,4347,0,3,0,10.84000015,,,7,49,343,0,0,,,4.189654827,,8.377241135,0,0,0,0,0.125,0
Humbolt,3208,2013,0,,,,,0,0,4,Nevada,1,0,0,1,658000,1,,,,,1,65,607,3675,0,0,4347,1,3,0,9.539999962,,,8,64,512,0,13.39696217,,,4.189654827,,8.377241135,0,0,1,0,0.125,0
Lander,3209,2006,0,,,,,,0,4,Nevada,1,0,0,0,0,0,43,987,18508,17,3,60,220,1249,0,0,1529,0,3,0,,,,1,1,1,0,0,,,4.110873699,3.784189701,7.332369328,,,,,0.125,0
Lander,3209,2007,0,,,,,,0,4,Nevada,1,0,0,0,0,0,,890,19257,17,3,60,220,1249,0,0,1529,0,3,0,,,,2,4,8,0,0,,,4.110873699,,7.332369328,0,0,0,0,0.125,0
Lander,3209,2008,0,,,,,,0,4,Nevada,1,0,0,3,414,0,49,986,18837,17,3,60,220,1249,0,0,1529,0,3,0,9.739999771,8,11.80000019,3,9,27,0,6.028278351,,,4.110873699,3.912023067,7.332369328,0,0,0,0,0.125,0
Lander,3209,2009,0,,,,,0,0,4,Nevada,1,0,0,0,0,0,23,873,18559,17,3,60,220,1249,0,414,1529,0,3,0,9.520000458,7.849999905,11.5,4,16,64,0,0,,,4.110873699,3.178053856,7.332369328,6.028278351,0,0,0,0.125,0
Lander,3209,2010,0,,,,,0,0,4,Nevada,1,0,0,0,0,1,43,1130,17841,17,3,60,220,1249,0,0,1529,1,3,0,9.75,7.949999809,11.89000034,5,25,125,0,0,,,4.110873699,3.784189701,7.332369328,0,0,1,0,0.125,0
Lander,3209,2011,0,,,,,0,0,4,Nevada,1,0,0,0,0,0,,,,,1,60,220,1249,1,0,1529,0,3,0,11.05000019,9.069999695,13.39999962,6,36,216,1,0,,,4.110873699,,7.332369328,0,0,-1,0,0.125,0
Lander,3209,2012,0,,,,,0,0,4,Nevada,1,0,0,0,0,0,,,,,1,60,220,1249,0,0,1529,0,3,0,10.84000015,,,7,49,343,0,0,,,4.110873699,,7.332369328,0,0,0,0,0.125,0
Lander,3209,2013,0,,,,,0,0,4,Nevada,1,0,0,0,0,0,,,,,1,60,220,1249,0,0,1529,0,3,0,9.539999962,,,8,64,512,0,0,,,4.110873699,,7.332369328,0,0,0,0,0.125,0
Lincoln,3210,2006,0,,,,,,0,4,Nevada,1,0,0,0,0,0,4,987,18508,18,3,182,163,220,0,0,565,0,3,0,,,,1,1,1,0,0,,,5.209486008,1.609437943,6.336825848,,,,,0,0
Lincoln,3210,2006,0,,,,,,0,4,Nevada,1,0,0,0,0,0,11,191,1526,18,3,182,163,220,0,0,565,0,3,0,,,,2,4,8,0,0,,,5.209486008,2.484906673,6.336825848,0,,0,0,0,0
Lincoln,3210,2007,0,,,,,,0,4,Nevada,1,0,0,0,0,0,16,192,1554,18,3,182,163,220,0,0,565,0,3,0,,,,4,16,64,0,0,,,5.209486008,2.833213329,6.336825848,0,0,0,0,0,0
Lincoln,3210,2007,0,,,,,,0,4,Nevada,1,0,0,0,0,0,2,890,19257,18,3,182,163,220,0,0,565,0,3,0,,,,3,9,27,0,0,,,5.209486008,1.098612309,6.336825848,0,0,0,0,0,0
Lincoln,3210,2008,0,,,,,,0,4,Nevada,1,0,0,4,13587.71973,0,13,193,1547,18,3,182,163,220,0,0,565,0,3,0,9.739999771,8,11.80000019,5,25,125,0,9.51699543,,,5.209486008,2.639057398,6.336825848,0,0,0,0,0,0
Lincoln,3210,2008,0,,,,,,0,4,Nevada,1,0,0,4,13587.71973,0,6,986,18837,18,3,182,163,220,0,0,565,0,3,0,9.739999771,8,11.80000019,6,36,216,0,9.51699543,,,5.209486008,1.945910096,6.336825848,9.51699543,0,0,0,0,0
Lincoln,3210,2009,0,,,,,0,0,4,Nevada,1,0,0,5,600,0,12,219,1579,18,3,182,163,220,0,13587.71973,565,0,3,0,9.520000458,7.849999905,11.5,8,64,512,0,6.398594856,,,5.209486008,2.564949274,6.336825848,6.398594856,0,0,0,0,0
Lincoln,3210,2009,0,,,,,0,0,4,Nevada,1,0,0,5,600,0,2,873,18559,18,3,182,163,220,0,13587.71973,565,0,3,0,9.520000458,7.849999905,11.5,7,49,343,0,6.398594856,,,5.209486008,1.098612309,6.336825848,9.51699543,0,0,0,0,0
Lincoln,3210,2010,0,,,,,0,0,4,Nevada,1,0,0,0,0,0,7,1130,17841,18,3,182,163,220,0,600,565,0,3,0,9.75,7.949999809,11.89000034,10,100,1000,0,0,,,5.209486008,2.079441547,6.336825848,0,0,0,0,0,0
Lincoln,3210,2010,0,,,,,0,0,4,Nevada,1,0,0,0,0,0,18,203,1621,18,3,182,163,220,0,600,565,0,3,0,9.75,7.949999809,11.89000034,9,81,729,0,0,,,5.209486008,2.944438934,6.336825848,6.398594856,0,0,0,0,0
Lincoln,3210,2011,0,,,,,0,0,4,Nevada,1,0,0,0,0,0,,,,,1,182,163,220,0,0,565,0,3,0,11.05000019,9.069999695,13.39999962,11,121,1331,0,0,,,5.209486008,,6.336825848,0,0,0,0,0,0
Lincoln,3210,2012,0,,,,,0,0,4,Nevada,1,0,0,0,0,0,,,,,1,182,163,220,0,0,565,0,3,0,10.84000015,,,12,144,1728,0,0,,,5.209486008,,6.336825848,0,0,0,0,0,0
Lincoln,3210,2013,0,,,,,0,0,4,Nevada,1,0,0,0,0,0,,,,,1,182,163,220,0,0,565,0,3,0,9.539999962,,,13,169,2197,0,0,,,5.209486008,,6.336825848,0,0,0,0,0,0
Lyon,3211,2006,0,,,,,,0,4,Nevada,1,0,0,0,0,0,85,987,18508,19,3,447,964,7456,0,0,8867,0,3,0,,,,1,1,1,0,0,,,6.104793072,4.454347134,9.090091705,,,,,0.125,0
Lyon,3211,2007,0,,,,,,0,4,Nevada,1,0,0,0,0,0,84,890,19257,19,3,447,964,7456,0,0,8867,0,3,0,,,,2,4,8,0,0,,,6.104793072,4.442651272,9.090091705,0,0,0,0,0.125,0
Lyon,3211,2008,0,,,,,,0,4,Nevada,1,0,0,0,0,0,83,986,18837,19,3,447,964,7456,0,0,8867,0,3,0,9.739999771,8,11.80000019,3,9,27,0,0,,,6.104793072,4.43081665,9.090091705,0,0,0,0,0.125,0
Lyon,3211,2009,0,40946,3783,49886,0.136999995,5609.602051,0,4,Nevada,1,0,0,0,0,0,111,873,18559,19,3,447,964,7456,0,0,8867,0,3,0,9.520000458,7.849999905,11.5,4,16,64,0,0,10.81749535,10.62000942,6.104793072,4.718498707,9.090091705,0,0,0,0,0.125,0
Lyon,3211,2010,0,40120,3567,47518,0.116999999,4694.040039,0,4,Nevada,1,0,0,0,0,0,95,1130,17841,19,3,447,964,7456,0,0,8867,0,3,0,9.75,7.949999809,11.89000034,5,25,125,0,0,10.76886368,10.59963036,6.104793072,4.564348221,9.090091705,0,0,0,0,0.125,0
Lyon,3211,2011,0,40785,4311,45203,0.141000003,5750.685059,0,4,Nevada,1,0,0,8,97292,0,,,,,1,447,964,7456,0,0,8867,0,3,0,11.05000019,9.069999695,13.39999962,6,36,216,0,11.48548222,10.7189188,10.61606979,6.104793072,,9.090091705,0,0,0,0,0.125,0
Lyon,3211,2012,0,40747,4304,44186,0.173999995,7089.978027,0,4,Nevada,1,0,0,381,358342.4375,0,,,,,1,447,964,7456,0,97292,8867,0,3,0,10.84000015,,,7,49,343,0,12.78924751,10.69616318,10.6151371,6.104793072,,9.090091705,11.48548222,0,0,0,0.125,0
Lyon,3211,2013,0,40764,3764,43920,0.191,7785.923828,0,4,Nevada,1,0,0,470,57023.07813,1,,,,,1,447,964,7456,0,358342.4375,8867,1,3,0,9.539999962,,,8,64,512,0,10.9512291,10.69012547,10.61555481,6.104793072,,9.090091705,12.78924751,0,1,0,0.125,0
Mineral,3212,2006,0,,,,,,0,4,Nevada,1,0,0,0,0,1,7,987,18508,21,3,112,466,408,0,0,986,1,3,0,,,,1,1,1,0,0,,,4.727387905,2.079441547,6.893656254,,,,,0.25,0
Mineral,3212,2007,0,,,,,,0,4,Nevada,1,0,0,0,0,0,15,890,19257,21,3,112,466,408,1,0,986,0,3,0,,,,2,4,8,1,0,,,4.727387905,2.77258873,6.893656254,0,0,-1,0,0.25,0
Mineral,3212,2008,0,,,,,,0,4,Nevada,1,0,0,0,0,1,15,986,18837,21,3,112,466,408,0,0,986,1,3,0,9.739999771,8,11.80000019,3,9,27,0,0,,,4.727387905,2.77258873,6.893656254,0,0,1,0,0.25,0
Mineral,3212,2009,0,,,,,0,0,4,Nevada,1,0,0,0,0,0,32,873,18559,21,3,112,466,408,1,0,986,0,3,0,9.520000458,7.849999905,11.5,4,16,64,1,0,,,4.727387905,3.496507645,6.893656254,0,0,-1,0,0.25,0
Mineral,3212,2010,0,,,,,0,0,4,Nevada,1,0,0,0,0,0,22,1130,17841,21,3,112,466,408,0,0,986,0,3,0,9.75,7.949999809,11.89000034,5,25,125,0,0,,,4.727387905,3.135494232,6.893656254,0,0,0,0,0.25,0
Mineral,3212,2011,0,,,,,0,0,4,Nevada,1,0,0,4,1312,0,,,,,1,112,466,408,0,0,986,0,3,0,11.05000019,9.069999695,13.39999962,6,36,216,0,7.180069923,,,4.727387905,,6.893656254,0,0,0,0,0.25,0
Mineral,3212,2012,0,,,,,0,0,4,Nevada,1,0,0,0,0,0,,,,,1,112,466,408,0,1312,986,0,3,0,10.84000015,,,7,49,343,0,0,,,4.727387905,,6.893656254,7.180069923,0,0,0,0.25,0
Mineral,3212,2013,0,,,,,0,0,4,Nevada,1,0,0,0,0,0,,,,,1,112,466,408,0,0,986,0,3,0,9.539999962,,,8,64,512,0,0,,,4.727387905,,6.893656254,0,0,0,0,0.25,0
Nye,3213,2006,0,,,,,,0,4,Nevada,1,0,0,22,10978,0,124,987,18508,22,3,998,851,5759,0,0,7608,0,3,0,,,,1,1,1,0,9.303739548,,,6.906754971,4.828313828,8.936955452,,,,,0.125,0
Nye,3213,2007,0,,,,,,0,4,Nevada,1,0,0,1,65070,0,117,890,19257,22,3,998,851,5759,0,10978,7608,0,3,0,,,,2,4,8,0,11.08323383,,,6.906754971,4.770684719,8.936955452,9.303739548,0,0,0,0.125,0
Nye,3213,2008,0,,,,,,0,4,Nevada,1,0,0,61,366241.125,0,124,986,18837,22,3,998,851,5759,0,65070,7608,0,3,0,9.739999771,8,11.80000019,3,9,27,0,12.81105042,,,6.906754971,4.828313828,8.936955452,11.08323383,0,0,0,0.125,0
Nye,3213,2009,0,35727,2835,39838,0.187999994,6716.675781,0,4,Nevada,1,0,0,0,0,0,,873,18559,22,3,998,851,5759,0,366241.125,7608,0,3,0,9.520000458,7.849999905,11.5,4,16,64,0,0,10.59257698,10.48366165,6.906754971,,8.936955452,12.81105042,0,0,0,0.125,0
Nye,3213,2010,0,36173,3241,35372,0.215000004,7777.194824,0,4,Nevada,1,0,0,0,0,1,334,1130,17841,22,3,998,851,5759,0,0,7608,1,3,0,9.75,7.949999809,11.89000034,5,25,125,0,0,10.47367573,10.496068,6.906754971,5.814130306,8.936955452,0,0,1,0,0.125,0
Nye,3213,2011,0,36175,2892,38541,0.200000003,7235,0,4,Nevada,1,0,0,0,0,0,,,,,1,998,851,5759,1,0,7608,0,3,0,11.05000019,9.069999695,13.39999962,6,36,216,1,0,10.55947781,10.49612331,6.906754971,,8.936955452,0,0,-1,0,0.125,0
Nye,3213,2012,0,35873,2873,40022,0.194999993,6995.234863,0,4,Nevada,1,0,0,0,0,0,,,,,1,998,851,5759,0,0,7608,0,3,0,10.84000015,,,7,49,343,0,0,10.59718418,10.48774052,6.906754971,,8.936955452,0,0,0,0,0.125,0
Nye,3213,2013,0,35671,2639,41653,0.162,5778.702148,0,4,Nevada,1,0,0,0,0,0,,,,,1,998,851,5759,0,0,7608,0,3,0,9.539999962,,,8,64,512,0,0,10.63712883,10.48209286,6.906754971,,8.936955452,0,0,0,0,0.125,0
Pershing,3214,2006,0,,,,,,0,4,Nevada,1,0,0,3,1497,1,73,987,18508,25,3,320,119,1414,0,0,1853,1,3,0,,,,1,1,1,0,7.311886311,,,5.771440983,4.304065228,7.524561405,,,,,0.25,0
Pershing,3214,2007,0,,,,,,0,4,Nevada,1,0,0,0,0,0,38,890,19257,25,3,320,119,1414,1,1497,1853,0,3,0,,,,2,4,8,1,0,,,5.771440983,3.663561583,7.524561405,7.311886311,0,-1,0,0.25,0
Pershing,3214,2008,0,,,,,,0,4,Nevada,1,0,0,0,0,0,33,986,18837,25,3,320,119,1414,0,0,1853,0,3,0,9.739999771,8,11.80000019,3,9,27,0,0,,,5.771440983,3.526360512,7.524561405,0,0,0,0,0.25,0
Pershing,3214,2009,0,,,,,0,0,4,Nevada,1,0,0,0,0,0,20,873,18559,25,3,320,119,1414,0,0,1853,0,3,0,9.520000458,7.849999905,11.5,4,16,64,0,0,,,5.771440983,3.044522524,7.524561405,0,0,0,0,0.25,0
Pershing,3214,2010,0,,,,,0,0,4,Nevada,1,0,0,0,0,1,25,1130,17841,25,3,320,119,1414,0,0,1853,1,3,0,9.75,7.949999809,11.89000034,5,25,125,0,0,,,5.771440983,3.258096457,7.524561405,0,0,1,0,0.25,0
Pershing,3214,2011,0,,,,,0,0,4,Nevada,1,0,0,0,0,0,,,,,1,320,119,1414,1,0,1853,0,3,0,11.05000019,9.069999695,13.39999962,6,36,216,1,0,,,5.771440983,,7.524561405,0,0,-1,0,0.25,0
Pershing,3214,2012,0,,,,,0,0,4,Nevada,1,0,0,0,0,0,,,,,1,320,119,1414,0,0,1853,0,3,0,10.84000015,,,7,49,343,0,0,,,5.771440983,,7.524561405,0,0,0,0,0.25,0
Pershing,3214,2013,0,,,,,0,0,4,Nevada,1,0,0,0,0,0,,,,,1,320,119,1414,0,0,1853,0,3,0,9.539999962,,,8,64,512,0,0,,,5.771440983,,7.524561405,0,0,0,0,0.25,0
Storey,3215,2006,0,,,,,,0,4,Nevada,1,0,0,0,0,0,0,987,,30,3,0,69,264,0,0,333,0,3,0,,,,1,1,1,0,0,,,0,0,5.808142662,,,,,0,0
Storey,3215,2007,0,,,,,,0,4,Nevada,1,0,0,0,0,0,,890,19257,30,3,0,69,264,0,0,333,0,3,0,,,,2,4,8,0,0,,,0,,5.808142662,0,0,0,0,0,0
Storey,3215,2008,0,,,,,,0,4,Nevada,1,0,0,0,0,0,12,986,18837,30,3,0,69,264,0,0,333,0,3,0,9.739999771,8,11.80000019,3,9,27,0,0,,,0,2.564949274,5.808142662,0,0,0,0,0,0
Storey,3215,2009,0,,,,,0,0,4,Nevada,1,0,0,0,0,0,7,873,18559,30,3,0,69,264,0,0,333,0,3,0,9.520000458,7.849999905,11.5,4,16,64,0,0,,,0,2.079441547,5.808142662,0,0,0,0,0,0
Storey,3215,2010,0,,,,,0,0,4,Nevada,1,0,0,0,0,0,5,1130,17841,30,3,0,69,264,0,0,333,0,3,0,9.75,7.949999809,11.89000034,5,25,125,0,0,,,0,1.791759491,5.808142662,0,0,0,0,0,0
Storey,3215,2011,0,,,,,0,0,4,Nevada,1,0,0,0,0,0,,,,,1,0,69,264,0,0,333,0,3,0,11.05000019,9.069999695,13.39999962,6,36,216,0,0,,,0,,5.808142662,0,0,0,0,0,0
Storey,3215,2012,0,,,,,0,0,4,Nevada,1,0,0,0,0,0,,,,,1,0,69,264,0,0,333,0,3,0,10.84000015,,,7,49,343,0,0,,,0,,5.808142662,0,0,0,0,0,0
Storey,3215,2013,0,,,,,0,0,4,Nevada,1,0,0,0,0,0,,,,,1,0,69,264,0,0,333,0,3,0,9.539999962,,,8,64,512,0,0,,,0,,5.808142662,0,0,0,0,0,0
Washoe,3216,2006,0,,,,,,0,4,Nevada,1,0,0,14,6986,3,199,987,18508,33,3,9430,5915,88667,3,0,104012,1,3,0,,,,1,1,1,1,8.851806641,,,9.15175724,5.298317432,11.55226135,,,,,2.375,0
Washoe,3216,2007,0,,,,,,0,4,Nevada,1,0,0,0,0,1,208,890,19257,33,3,9430,5915,88667,3,6986,104012,1,3,0,,,,2,4,8,1,0,,,9.15175724,5.34233427,11.55226135,8.851806641,0,-2,0,2.375,0
Washoe,3216,2008,0,,,,,,0,4,Nevada,1,0,0,106,50481,3,239,986,18837,33,3,9430,5915,88667,1,0,104012,1,3,0,9.739999771,8,11.80000019,3,9,27,1,10.82937241,,,9.15175724,5.480638981,11.55226135,0,0,2,0,2.375,0
Washoe,3216,2009,0,320554,16775,55227,0.125,40069.25,0,4,Nevada,1,0,0,5,208947.8125,2,265,873,18559,33,3,9430,5915,88667,3,50481,104012,1,3,0,9.520000458,7.849999905,11.5,4,16,64,1,12.24984455,10.91920757,12.6778059,9.15175724,5.583496094,11.55226135,10.82937241,0,-1,0,2.375,0
Washoe,3216,2010,0,329801,23764,53856,0.143999994,47491.34375,0,4,Nevada,1,0,0,15,2580.75,2,232,1130,17841,33,3,9430,5915,88667,2,208947.8125,104012,1,3,0,9.75,7.949999809,11.89000034,5,25,125,1,7.85622263,10.89406872,12.70624447,9.15175724,5.451038361,11.55226135,12.24984455,0,0,0,2.375,0
Washoe,3216,2011,0,334009,26431,52243,0.142000005,47429.27734,0,4,Nevada,1,0,0,103,237027.0938,2,,,,,1,9430,5915,88667,2,2580.75,104012,1,3,0,11.05000019,9.069999695,13.39999962,6,36,216,1,12.37593365,10.86366081,12.71892357,9.15175724,,11.55226135,7.85622263,0,0,0,2.375,0
Washoe,3216,2012,0,337953,26699,50916,0.158999994,53734.52734,0,4,Nevada,1,0,0,3054,590928.5625,2,,,,,1,9430,5915,88667,2,237027.0938,104012,1,3,0,10.84000015,,,7,49,343,1,13.28945255,10.83793259,12.73066235,9.15175724,,11.55226135,12.37593365,0,0,0,2.375,0
Washoe,3216,2013,0,342401,23465,51788,0.156000003,53414.55469,0,4,Nevada,1,0,0,1085,210838.0625,4,,,,,1,9430,5915,88667,2,590928.5625,104012,1,3,0,9.539999962,,,8,64,512,1,12.2588501,10.85491371,12.74373817,9.15175724,,11.55226135,13.28945255,0,2,0,2.375,0
White Pine,3217,2006,0,,,,,,0,4,Nevada,1,0,0,0,0,0,39,987,18508,34,3,56,501,1193,0,0,1750,0,3,0,,,,1,1,1,0,0,,,4.043051243,3.68887949,7.467370987,,,,,0,0
White Pine,3217,2007,0,,,,,,0,4,Nevada,1,0,0,0,0,0,13,890,19257,34,3,56,501,1193,0,0,1750,0,3,0,,,,2,4,8,0,0,,,4.043051243,2.639057398,7.467370987,0,0,0,0,0,0
White Pine,3217,2008,0,,,,,,0,4,Nevada,1,0,0,2,13311.71973,0,20,986,18837,34,3,56,501,1193,0,0,1750,0,3,0,9.739999771,8,11.80000019,3,9,27,0,9.49647522,,,4.043051243,3.044522524,7.467370987,0,0,0,0,0,0
White Pine,3217,2009,0,,,,,,0,4,Nevada,1,0,0,0,0,0,14,873,18559,34,3,56,501,1193,0,13311.71973,1750,0,3,0,9.520000458,7.849999905,11.5,4,16,64,0,0,,,4.043051243,2.708050251,7.467370987,9.49647522,0,0,0,0,0
White Pine,3217,2010,0,,,,,0,0,4,Nevada,1,0,0,0,0,0,33,1130,17841,34,3,56,501,1193,0,0,1750,0,3,0,9.75,7.949999809,11.89000034,5,25,125,0,0,,,4.043051243,3.526360512,7.467370987,0,0,0,0,0,0
White Pine,3217,2011,0,,,,,0,0,4,Nevada,1,0,0,0,0,0,,,,,1,56,501,1193,0,0,1750,0,3,0,11.05000019,9.069999695,13.39999962,6,36,216,0,0,,,4.043051243,,7.467370987,0,0,0,0,0,0
White Pine,3217,2012,0,,,,,0,0,4,Nevada,1,0,0,0,0,0,,,,,1,56,501,1193,0,0,1750,0,3,0,10.84000015,,,7,49,343,0,0,,,4.043051243,,7.467370987,0,0,0,0,0,0
White Pine,3217,2013,0,,,,,0,0,4,Nevada,1,0,0,0,0,0,,,,,1,56,501,1193,0,0,1750,0,3,0,9.539999962,,,8,64,512,0,0,,,4.043051243,,7.467370987,0,0,0,0,0,0
Addison,5001,2006,0,,,,,0,1,3,,0,0,0,1,138,0,,,,,1,325,93,661,0,0,,0,4,1,,,,1,1,1,0,4.934473991,,,5.786897182,,,,,,,0.25,0
Addison,5001,2007,0,29727,732,53475,0.120999999,3596.967041,1,3,,0,0,0,0,0,0,,,,,1,325,93,661,0,138,,0,4,1,,,,2,4,8,0,0,10.88696957,10.29981136,5.786897182,,,4.934473991,0,0,0,0.25,0
Addison,5001,2008,0,30046,741,56529,0.103,3094.738037,1,3,,0,0,0,4,552,0,,,,,1,325,93,661,0,0,,0,4,1,12.35999966,10.43000031,14.59000015,3,9,27,0,6.315358162,10.9425087,10.31048489,5.786897182,,,0,0,0,0,0.25,0
Addison,5001,2009,0,30361,1083,55558,0.103,3127.183105,1,3,,0,0,0,0,0,0,,,,,1,325,93,661,0,552,,0,4,1,13.81999969,11.81999969,16.09000015,4,16,64,0,0,10.92518234,10.32091427,5.786897182,,,6.315358162,0,0,0,0.25,0
Addison,5001,2010,0,30477,1434,54826,0.108000003,3291.516113,1,3,,0,0,0,0,0,0,,,,,1,325,93,661,0,0,,0,4,1,15.27999973,13.18000031,17.63999939,5,25,125,0,0,10.91191959,10.32472801,5.786897182,,,0,0,0,0,0.25,0
Addison,5001,2011,0,30400,1690,55522,0.115999997,3526.399902,1,3,,0,0,0,0,0,1,,,,,1,325,93,661,0,0,,1,4,1,14.02000046,12.10999966,16.17000008,6,36,216,0,0,10.9245348,10.32219791,5.786897182,,,0,0,1,0,0.25,0
Addison,5001,2012,0,30411,1570,57335,0.116999999,3558.086914,1,3,,0,0,0,0,0,1,,,,,1,325,93,661,1,0,,1,4,1,12.59000015,,,7,49,343,1,0,10.95666695,10.32255936,5.786897182,,,0,0,0,0,0.25,0
Addison,5001,2013,0,30574,1304,58284,0.104999997,3210.27002,1,3,,0,0,0,2,998,0,,,,,1,325,93,661,1,0,,0,4,1,14.61999989,,,8,64,512,1,6.906754971,10.97308254,10.32790565,5.786897182,,,0,0,-1,0,0.25,0
Bennington,5002,2006,0,,,,,0,1,3,,0,0,0,2,276,0,,,,,1,174,26,537,0,0,,0,4,1,,,,1,1,1,0,5.624017715,,,5.164785862,,,,,,,0,0.125
Bennington,5002,2007,0,30167,906,45579,0.089000002,2684.863037,1,3,,0,0,0,0,0,0,,,,,1,174,26,537,0,276,,0,4,1,,,,2,4,8,0,0,10.72720242,10.31450367,5.164785862,,,5.624017715,0,0,0,0,0.125
Bennington,5002,2008,0,30218,721,47497,0.101000004,3052.018066,1,3,,0,0,0,2,276,0,,,,,1,174,26,537,0,0,,0,4,1,12.35999966,10.43000031,14.59000015,3,9,27,0,5.624017715,10.76842213,10.31619263,5.164785862,,,0,0,0,0,0,0.125
Bennington,5002,2009,0,30181,1102,44582,0.115999997,3500.996094,1,3,,0,0,0,0,0,0,,,,,1,174,26,537,0,276,,0,4,1,13.81999969,11.81999969,16.09000015,4,16,64,0,0,10.70508575,10.31496811,5.164785862,,,5.624017715,0,0,0,0,0.125
Bennington,5002,2010,0,30669,1517,45968,0.127000004,3894.962891,1,3,,0,0,0,0,0,0,,,,,1,174,26,537,0,0,,0,4,1,15.27999973,13.18000031,17.63999939,5,25,125,0,0,10.73570061,10.33100796,5.164785862,,,0,0,0,0,0,0.125
Bennington,5002,2011,0,30603,1752,48778,0.128999993,3947.787109,1,3,,0,0,0,1,47989,0,,,,,1,174,26,537,0,0,,0,4,1,14.02000046,12.10999966,16.17000008,6,36,216,0,10.77874756,10.79503441,10.32885361,5.164785862,,,0,0,0,0,0,0.125
Bennington,5002,2012,1,30646,1555,51223,0.133000001,4075.917969,1,3,,0,0,0,12,162185,0,,,,,1,174,26,537,0,47989,,0,4,1,12.59000015,,,7,49,343,0,11.99649906,10.8439436,10.33025742,5.164785862,,,10.77874756,0,0,1,0,0.125
Bennington,5002,2013,0,30376,1257,49343,0.143000007,4343.768066,1,3,,0,0,0,3,45877.14063,0,,,,,1,174,26,537,0,162185,,0,4,1,14.61999989,,,8,64,512,0,10.73374367,10.80655098,10.32140827,5.164785862,,,11.99649906,1,0,-1,0,0.125
Caledonia,5003,2006,0,,,,,0,1,3,,0,0,0,0,0,0,,,,,1,178,121,323,0,0,,0,4,1,,,,1,1,1,0,0,,,5.187386036,,,,,,,0,0
Caledonia,5003,2007,0,24945,965,38707,0.147,3666.915039,1,3,,0,0,0,2,276,0,,,,,1,178,121,323,0,0,,0,4,1,,,,2,4,8,0,5.624017715,10.56377602,10.12442875,5.187386036,,,0,0,0,0,0,0
Caledonia,5003,2008,0,24942,865,41464,0.123000003,3067.865967,1,3,,0,0,0,3,414,0,,,,,1,178,121,323,0,276,,0,4,1,12.35999966,10.43000031,14.59000015,3,9,27,0,6.028278351,10.63258076,10.12430859,5.187386036,,,5.624017715,0,0,0,0,0
Caledonia,5003,2009,0,24566,1085,42521,0.140000001,3439.23999,1,3,,0,0,0,0,0,0,,,,,1,178,121,323,0,414,,0,4,1,13.81999969,11.81999969,16.09000015,4,16,64,0,0,10.65775299,10.10911846,5.187386036,,,6.028278351,0,0,0,0,0
Caledonia,5003,2010,0,25052,1280,42746,0.149000004,3732.748047,1,3,,0,0,0,0,0,0,,,,,1,178,121,323,0,0,,0,4,1,15.27999973,13.18000031,17.63999939,5,25,125,0,0,10.66303062,10.12870884,5.187386036,,,0,0,0,0,0,0
Caledonia,5003,2011,0,25375,1335,43760,0.150000006,3806.25,1,3,,0,0,0,2,998,0,,,,,1,178,121,323,0,0,,0,4,1,14.02000046,12.10999966,16.17000008,6,36,216,0,6.906754971,10.68647575,10.14151955,5.187386036,,,0,0,0,0,0,0
Caledonia,5003,2012,0,25296,1371,42487,0.150000006,3794.399902,1,3,,0,0,0,0,0,0,,,,,1,178,121,323,0,998,,0,4,1,12.59000015,,,7,49,343,0,0,10.65695381,10.13840199,5.187386036,,,6.906754971,0,0,0,0,0
Caledonia,5003,2013,0,25486,1350,44057,0.125,3185.75,1,3,,0,0,0,0,0,0,,,,,1,178,121,323,0,0,,0,4,1,14.61999989,,,8,64,512,0,0,10.69323921,10.14588451,5.187386036,,,0,0,0,0,0,0
Chittenden,5004,2006,0,121946,3722,54897,0.098999999,12072.6543,1,3,,0,0,0,12,5266,0,,,,,1,2506,427,2731,0,0,,0,4,1,,,,1,1,1,0,8.569215775,10.91321373,11.71133327,7.826842308,,,,,,,0.125,0.125
Chittenden,5004,2007,0,122529,4252,58376,0.096000001,11762.78418,1,3,,0,0,0,0,0,0,,,,,1,2506,427,2731,0,5266,,0,4,1,,,,2,4,8,0,0,10.97465992,11.7161026,7.826842308,,,8.569215775,0,0,0,0.125,0.125
Chittenden,5004,2008,0,123758,3894,60473,0.097000003,12004.52637,1,3,,0,0,0,8,1104,0,,,,,1,2506,427,2731,0,0,,0,4,1,12.35999966,10.43000031,14.59000015,3,9,27,0,7.007600784,11.00995255,11.72608376,7.826842308,,,0,0,0,0,0.125,0.125
Chittenden,5004,2009,1,124435,4482,60176,0.101999998,12692.37012,1,3,,0,0,0,0,0,0,,,,,1,2506,427,2731,0,1104,,0,4,1,13.81999969,11.81999969,16.09000015,4,16,64,0,0,11.00502872,11.73153877,7.826842308,,,7.007600784,0,0,1,0.125,0.125
Chittenden,5004,2010,0,128273,4886,60369,0.118000001,15136.21387,1,3,,0,0,0,0,0,0,,,,,1,2506,427,2731,0,0,,0,4,1,15.27999973,13.18000031,17.63999939,5,25,125,0,0,11.00823116,11.76191616,7.826842308,,,0,1,0,-1,0.125,0.125
Chittenden,5004,2011,0,129505,5210,61895,0.115000002,14893.0752,1,3,,0,0,0,0,0,0,,,,,1,2506,427,2731,0,0,,0,4,1,14.02000046,12.10999966,16.17000008,6,36,216,0,0,11.03319454,11.77147484,7.826842308,,,0,0,0,0,0.125,0.125
Chittenden,5004,2012,0,130849,5653,62204,0.119000003,15571.03125,1,3,,0,0,0,4,155600,0,,,,,1,2506,427,2731,0,0,,0,4,1,12.59000015,,,7,49,343,0,11.95505047,11.03817463,11.78179932,7.826842308,,,0,0,0,0,0.125,0.125
Chittenden,5004,2013,0,131933,5704,64313,0.108999997,14380.69727,1,3,,0,0,0,0,0,1,,,,,1,2506,427,2731,0,155600,,1,4,1,14.61999989,,,8,64,512,0,0,11.07151699,11.79004955,7.826842308,,,11.95505047,0,1,0,0.125,0.125
Essex,5005,2006,0,,,,,0,1,3,,0,0,0,2,276,0,,,,,1,43,22,45,0,0,,0,4,1,,,,1,1,1,0,5.624017715,,,3.784189701,,,,,,,0,0
Essex,5005,2007,0,,,,,0,1,3,,0,0,0,0,0,0,,,,,1,43,22,45,0,276,,0,4,1,,,,2,4,8,0,0,,,3.784189701,,,5.624017715,0,0,0,0,0
Essex,5005,2008,0,,,,,0,1,3,,0,0,0,0,0,0,,,,,1,43,22,45,0,0,,0,4,1,12.35999966,10.43000031,14.59000015,3,9,27,0,0,,,3.784189701,,,0,0,0,0,0,0
Essex,5005,2009,0,,,,,0,1,3,,0,0,0,0,0,0,,,,,1,43,22,45,0,0,,0,4,1,13.81999969,11.81999969,16.09000015,4,16,64,0,0,,,3.784189701,,,0,0,0,0,0,0
Essex,5005,2010,0,,,,,0,1,3,,0,0,0,0,0,0,,,,,1,43,22,45,0,0,,0,4,1,15.27999973,13.18000031,17.63999939,5,25,125,0,0,,,3.784189701,,,0,0,0,0,0,0
Essex,5005,2011,0,,,,,,1,3,,0,0,0,0,0,0,,,,,1,43,22,45,0,0,,0,4,1,14.02000046,12.10999966,16.17000008,6,36,216,0,0,,,3.784189701,,,0,0,0,0,0,0
Essex,5005,2012,0,,,,,0,1,3,,0,0,0,0,0,0,,,,,1,43,22,45,0,0,,0,4,1,12.59000015,,,7,49,343,0,0,,,3.784189701,,,0,0,0,0,0,0
Essex,5005,2013,0,,,,,0,1,3,,0,0,0,0,0,0,,,,,1,43,22,45,0,0,,0,4,1,14.61999989,,,8,64,512,0,0,,,3.784189701,,,0,0,0,0,0,0
Franklin,5006,2006,0,,,,,0,1,3,,0,0,0,3,324,0,,,,,1,222,432,581,0,0,,0,4,1,,,,1,1,1,0,5.783825397,,,5.407171726,,,,,,,0,0
Franklin,5006,2007,0,36935,1467,51145,0.115000002,4247.524902,1,3,,0,0,0,0,0,0,,,,,1,222,432,581,0,324,,0,4,1,,,,2,4,8,0,0,10.84241962,10.51691532,5.407171726,,,5.783825397,0,0,0,0,0
Franklin,5006,2008,0,37213,1306,54182,0.101999998,3795.726074,1,3,,0,0,0,0,0,0,,,,,1,222,432,581,0,0,,0,4,1,12.35999966,10.43000031,14.59000015,3,9,27,0,0,10.90010357,10.52441311,5.407171726,,,0,0,0,0,0,0
Franklin,5006,2009,0,37726,1782,52761,0.096000001,3621.696045,1,3,,0,0,0,0,0,0,,,,,1,222,432,581,0,0,,0,4,1,13.81999969,11.81999969,16.09000015,4,16,64,0,0,10.87352753,10.53810501,5.407171726,,,0,0,0,0,0,0
Franklin,5006,2010,0,37338,1885,52398,0.107000001,3995.166016,1,3,,0,0,0,0,0,0,,,,,1,222,432,581,0,0,,0,4,1,15.27999973,13.18000031,17.63999939,5,25,125,0,0,10.86662388,10.52776718,5.407171726,,,0,0,0,0,0,0
Franklin,5006,2011,0,37511,2017,54445,0.108999997,4088.698975,1,3,,0,0,0,0,0,0,,,,,1,222,432,581,0,0,,0,4,1,14.02000046,12.10999966,16.17000008,6,36,216,0,0,10.90494633,10.53238964,5.407171726,,,0,0,0,0,0,0
Franklin,5006,2012,0,37852,1735,53910,0.111000001,4201.571777,1,3,,0,0,0,60,192294.5,0,,,,,1,222,432,581,0,0,,0,4,1,12.59000015,,,7,49,343,0,12.1667881,10.89507103,10.54143906,5.407171726,,,0,0,0,0,0,0
Franklin,5006,2013,0,38052,1406,55842,0.104999997,3995.459961,1,3,,0,0,0,1,86365.86719,0,,,,,1,222,432,581,0,192294.5,,0,4,1,14.61999989,,,8,64,512,0,11.36635971,10.93028164,10.54670906,5.407171726,,,12.1667881,0,0,0,0,0
Grand Isle,5007,2006,0,,,,,0,1,3,,0,0,0,0,0,0,,,,,1,20,49,89,0,0,,0,4,1,,,,1,1,1,0,0,,,3.044522524,,,,,,,0,0
Grand Isle,5007,2007,0,,,,,0,1,3,,0,0,0,0,0,0,,,,,1,20,49,89,0,0,,0,4,1,,,,2,4,8,0,0,,,3.044522524,,,0,0,0,0,0,0
Grand Isle,5007,2008,0,,,,,0,1,3,,0,0,0,0,0,0,,,,,1,20,49,89,0,0,,0,4,1,12.35999966,10.43000031,14.59000015,3,9,27,0,0,,,3.044522524,,,0,0,0,0,0,0
Grand Isle,5007,2009,0,,,,,0,1,3,,0,0,0,0,0,0,,,,,1,20,49,89,0,0,,0,4,1,13.81999969,11.81999969,16.09000015,4,16,64,0,0,,,3.044522524,,,0,0,0,0,0,0
Grand Isle,5007,2010,0,,,,,0,1,3,,0,0,0,0,0,0,,,,,1,20,49,89,0,0,,0,4,1,15.27999973,13.18000031,17.63999939,5,25,125,0,0,,,3.044522524,,,0,0,0,0,0,0
Grand Isle,5007,2011,0,,,,,0,1,3,,0,0,0,0,0,0,,,,,1,20,49,89,0,0,,0,4,1,14.02000046,12.10999966,16.17000008,6,36,216,0,0,,,3.044522524,,,0,0,0,0,0,0
Grand Isle,5007,2012,0,,,,,0,1,3,,0,0,0,0,0,0,,,,,1,20,49,89,0,0,,0,4,1,12.59000015,,,7,49,343,0,0,,,3.044522524,,,0,0,0,0,0,0
Grand Isle,5007,2013,0,,,,,0,1,3,,0,0,0,0,0,0,,,,,1,20,49,89,0,0,,0,4,1,14.61999989,,,8,64,512,0,0,,,3.044522524,,,0,0,0,0,0,0
Lamoille,5008,2006,0,,,,,0,1,3,,0,0,0,1,138,0,,,,,1,144,44,316,0,0,,0,4,1,,,,1,1,1,0,4.934473991,,,4.976733685,,,,,,,0.125,0
Lamoille,5008,2007,0,19849,846,48084,0.128999993,2560.520996,1,3,,0,0,0,0,0,0,,,,,1,144,44,316,0,138,,0,4,1,,,,2,4,8,0,0,10.7807045,9.895909309,4.976733685,,,4.934473991,0,0,0,0.125,0
Lamoille,5008,2008,0,20100,758,50212,0.112999998,2271.300049,1,3,,0,0,0,3,414,0,,,,,1,144,44,316,0,0,,0,4,1,12.35999966,10.43000031,14.59000015,3,9,27,0,6.028278351,10.82400894,9.908474922,4.976733685,,,0,0,0,0,0.125,0
Lamoille,5008,2009,0,20968,907,53010,0.116999999,2453.256104,1,3,,0,0,0,0,0,0,,,,,1,144,44,316,0,414,,0,4,1,13.81999969,11.81999969,16.09000015,4,16,64,0,0,10.87823582,9.950753212,4.976733685,,,6.028278351,0,0,0,0.125,0
Lamoille,5008,2010,0,19626,652,54276,0.126000002,2472.875977,1,3,,0,0,0,0,0,0,,,,,1,144,44,316,0,0,,0,4,1,15.27999973,13.18000031,17.63999939,5,25,125,0,0,10.90183735,9.884610176,4.976733685,,,0,0,0,0,0.125,0
Lamoille,5008,2011,0,19709,681,52033,0.148000002,2916.931885,1,3,,0,0,0,0,0,0,,,,,1,144,44,316,0,0,,0,4,1,14.02000046,12.10999966,16.17000008,6,36,216,0,0,10.85963345,9.888831139,4.976733685,,,0,0,0,0,0.125,0
Lamoille,5008,2012,0,19956,600,51460,0.137999997,2753.927979,1,3,,0,0,0,0,0,1,,,,,1,144,44,316,0,0,,1,4,1,12.59000015,,,7,49,343,0,0,10.84856033,9.901285172,4.976733685,,,0,0,1,0,0.125,0
Lamoille,5008,2013,0,20154,546,49257,0.122000001,2458.788086,1,3,,0,0,0,2,72989,0,,,,,1,144,44,316,1,0,,0,4,1,14.61999989,,,8,64,512,1,11.19807816,10.80480671,9.911157608,4.976733685,,,0,0,-1,0,0.125,0
Orange,5009,2006,0,,,,,0,1,3,,0,0,0,0,0,1,,,,,1,82,20,317,0,0,,1,4,1,,,,1,1,1,0,0,,,4.418840408,,,,,,,0.375,0
Orange,5009,2007,0,23666,921,49298,0.081,1916.946045,1,3,,0,0,0,0,0,0,,,,,1,82,20,317,1,0,,0,4,1,,,,2,4,8,1,0,10.80563831,10.07179451,4.418840408,,,0,0,-1,0,0.375,0
Orange,5009,2008,0,23709,711,51633,0.094999999,2252.35498,1,3,,0,0,0,4,552,1,,,,,1,82,20,317,0,0,,1,4,1,12.35999966,10.43000031,14.59000015,3,9,27,0,6.315358162,10.85191631,10.07361031,4.418840408,,,0,0,1,0,0.375,0
Orange,5009,2009,0,23723,1073,50413,0.094999999,2253.685059,1,3,,0,0,0,0,0,0,,,,,1,82,20,317,1,552,,0,4,1,13.81999969,11.81999969,16.09000015,4,16,64,1,0,10.82800388,10.07420063,4.418840408,,,6.315358162,0,-1,0,0.375,0
Orange,5009,2010,0,23685,1191,51028,0.115000002,2723.774902,1,3,,0,0,0,0,0,0,,,,,1,82,20,317,0,0,,0,4,1,15.27999973,13.18000031,17.63999939,5,25,125,0,0,10.84012985,10.0725975,4.418840408,,,0,0,0,0,0.375,0
Orange,5009,2011,0,23728,1365,51958,0.115999997,2752.447998,1,3,,0,0,0,0,0,0,,,,,1,82,20,317,0,0,,0,4,1,14.02000046,12.10999966,16.17000008,6,36,216,0,0,10.85819054,10.07441139,4.418840408,,,0,0,0,0,0.375,0
Orange,5009,2012,0,23690,1044,52141,0.128000006,3032.320068,1,3,,0,0,0,0,0,1,,,,,1,82,20,317,0,0,,1,4,1,12.59000015,,,7,49,343,0,0,10.86170673,10.07280827,4.418840408,,,0,0,1,0,0.375,0
Orange,5009,2013,0,23853,700,52470,0.128000006,3053.184082,1,3,,0,0,0,0,0,0,,,,,1,82,20,317,1,0,,0,4,1,14.61999989,,,8,64,512,1,0,10.86799717,10.07966518,4.418840408,,,0,0,-1,0,0.375,0
Orleans,5010,2006,0,,,,,0,1,3,,0,0,0,0,0,0,,,,,1,185,70,290,0,0,,0,4,1,,,,1,1,1,0,0,,,5.225746632,,,,,,,0,0
Orleans,5010,2007,0,22200,785,38610,0.152999997,3396.600098,1,3,,0,0,0,0,0,0,,,,,1,185,70,290,0,0,,0,4,1,,,,2,4,8,0,0,10.5612669,10.00784779,5.225746632,,,0,0,0,0,0,0
Orleans,5010,2008,0,22364,874,39767,0.155000001,3466.419922,1,3,,0,0,0,3,334.7099915,0,,,,,1,185,70,290,0,0,,0,4,1,12.35999966,10.43000031,14.59000015,3,9,27,0,5.816247463,10.59079266,10.01520824,5.225746632,,,0,0,0,0,0,0
Orleans,5010,2009,0,22314,989,39796,0.142000005,3168.587891,1,3,,0,0,0,0,0,0,,,,,1,185,70,290,0,334.7099915,,0,4,1,13.81999969,11.81999969,16.09000015,4,16,64,0,0,10.59152126,10.01296997,5.225746632,,,5.816247463,0,0,0,0,0
Orleans,5010,2010,0,22113,1123,39221,0.140000001,3095.820068,1,3,,0,0,0,0,0,0,,,,,1,185,70,290,0,0,,0,4,1,15.27999973,13.18000031,17.63999939,5,25,125,0,0,10.57696724,10.00392056,5.225746632,,,0,0,0,0,0,0
Orleans,5010,2011,0,22226,1069,40330,0.163000003,3622.837891,1,3,,0,0,0,0,0,0,,,,,1,185,70,290,0,0,,0,4,1,14.02000046,12.10999966,16.17000008,6,36,216,0,0,10.60485077,10.00901794,5.225746632,,,0,0,0,0,0,0
Orleans,5010,2012,0,22298,1002,39802,0.177000001,3946.746094,1,3,,0,0,0,0,0,0,,,,,1,185,70,290,0,0,,0,4,1,12.59000015,,,7,49,343,0,0,10.5916729,10.01225185,5.225746632,,,0,0,0,0,0,0
Orleans,5010,2013,0,22307,831,41867,0.163000003,3636.041016,1,3,,0,0,0,0,0,0,,,,,1,185,70,290,0,0,,0,4,1,14.61999989,,,8,64,512,0,0,10.64225292,10.01265621,5.225746632,,,0,0,0,0,0,0
Rutland,5011,2006,0,,,,,0,1,3,,0,0,0,13,4682,1,,,,,1,297,83,705,0,0,,1,4,1,,,,1,1,1,0,8.451694489,,,5.697093487,,,,,,,0.25,0
Rutland,5011,2007,0,52267,2206,42916,0.101000004,5278.966797,1,3,,0,0,0,0,0,0,,,,,1,297,83,705,1,4682,,0,4,1,,,,2,4,8,1,0,10.66699982,10.86412048,5.697093487,,,8.451694489,0,-1,0,0.25,0
Rutland,5011,2008,0,52584,2295,46109,0.103,5416.151855,1,3,,0,0,0,1,138,0,,,,,1,297,83,705,0,0,,0,4,1,12.35999966,10.43000031,14.59000015,3,9,27,0,4.934473991,10.73876381,10.87016678,5.697093487,,,0,0,0,0,0.25,0
Rutland,5011,2009,0,52442,2718,46507,0.122000001,6397.923828,1,3,,0,0,0,0,0,0,,,,,1,297,83,705,0,138,,0,4,1,13.81999969,11.81999969,16.09000015,4,16,64,0,0,10.74735832,10.86746311,5.697093487,,,4.934473991,0,0,0,0.25,0
Rutland,5011,2010,0,51311,3191,47085,0.136999995,7029.606934,1,3,,0,0,0,0,0,1,,,,,1,297,83,705,0,0,,1,4,1,15.27999973,13.18000031,17.63999939,5,25,125,0,0,10.75970936,10.84566021,5.697093487,,,0,0,1,0,0.25,0
Rutland,5011,2011,0,51257,3235,49201,0.128999993,6612.152832,1,3,,0,0,0,0,0,0,,,,,1,297,83,705,1,0,,0,4,1,14.02000046,12.10999966,16.17000008,6,36,216,1,0,10.80366898,10.84460735,5.697093487,,,0,0,-1,0,0.25,0
Rutland,5011,2012,0,51197,2761,48533,0.127000004,6502.019043,1,3,,0,0,0,0,0,0,,,,,1,297,83,705,0,0,,0,4,1,12.59000015,,,7,49,343,0,0,10.78999901,10.84343624,5.697093487,,,0,0,0,0,0.25,0
Rutland,5011,2013,0,51009,2466,48673,0.128000006,6529.151855,1,3,,0,0,0,0,0,0,,,,,1,297,83,705,0,0,,0,4,1,14.61999989,,,8,64,512,0,0,10.79288006,10.83975697,5.697093487,,,0,0,0,0,0.25,0
Washington,5012,2006,0,,,,,0,1,3,,0,0,0,3,414,0,,,,,1,348,99,1019,1,0,,0,4,1,,,,1,1,1,1,6.028278351,,,5.855072021,,,,,,,0,0
Washington,5012,2007,0,48240,1524,51333,0.105999999,5113.439941,1,3,,0,0,0,0,0,0,,,,,1,348,99,1019,0,414,,0,4,1,,,,2,4,8,0,0,10.84608936,10.78394413,5.855072021,,,6.028278351,0,0,0,0,0
Washington,5012,2008,0,48345,1614,54270,0.109999999,5317.950195,1,3,,0,0,0,83,32657.55078,0,,,,,1,348,99,1019,0,0,,0,4,1,12.35999966,10.43000031,14.59000015,3,9,27,0,10.39386177,10.90172672,10.78611851,5.855072021,,,0,0,0,0,0,0
Washington,5012,2009,0,48199,1937,55150,0.107000001,5157.292969,1,3,,0,0,0,0,0,0,,,,,1,348,99,1019,0,32657.55078,,0,4,1,13.81999969,11.81999969,16.09000015,4,16,64,0,0,10.91781235,10.78309345,5.855072021,,,10.39386177,0,0,0,0,0
Washington,5012,2010,0,48575,2100,55030,0.104000002,5051.799805,1,3,,0,0,0,1,120,0,,,,,1,348,99,1019,0,0,,0,4,1,15.27999973,13.18000031,17.63999939,5,25,125,0,4.795790672,10.91563416,10.79086399,5.855072021,,,0,0,0,0,0,0
Washington,5012,2011,0,48932,2132,57220,0.079999998,3914.560059,1,3,,0,0,0,0,0,0,,,,,1,348,99,1019,0,120,,0,4,1,14.02000046,12.10999966,16.17000008,6,36,216,0,0,10.95465851,10.79818726,5.855072021,,,4.795790672,0,0,0,0,0
Washington,5012,2012,0,49090,1930,57351,0.085000001,4172.649902,1,3,,0,0,0,0,0,0,,,,,1,348,99,1019,0,0,,0,4,1,12.59000015,,,7,49,343,0,0,10.95694542,10.80141068,5.855072021,,,0,0,0,0,0,0
Washington,5012,2013,0,49060,1882,56978,0.096000001,4709.759766,1,3,,0,0,0,1,658000,0,,,,,1,348,99,1019,0,0,,0,4,1,14.61999989,,,8,64,512,0,13.39696217,10.95042038,10.80079937,5.855072021,,,0,0,0,0,0,0
Windham,5013,2006,0,,,,,0,1,3,,0,0,0,3,414,0,,,,,1,385,91,786,0,0,,0,4,1,,,,1,1,1,0,6.028278351,,,5.95583725,,,,,,,0,0.125
Windham,5013,2007,0,35979,1308,44372,0.111000001,3993.668945,1,3,,0,0,0,0,0,0,,,,,1,385,91,786,0,414,,0,4,1,,,,2,4,8,0,0,10.70036411,10.49069118,5.95583725,,,6.028278351,0,0,0,0,0.125
Windham,5013,2008,0,35995,1337,45292,0.100000001,3599.5,1,3,,0,0,0,8,3631,0,,,,,1,385,91,786,0,0,,0,4,1,12.35999966,10.43000031,14.59000015,3,9,27,0,8.197538376,10.72088528,10.4911356,5.95583725,,,0,0,0,0,0,0.125
Windham,5013,2009,0,36211,1314,47043,0.105999999,3838.365967,1,3,,0,0,0,0,0,0,,,,,1,385,91,786,0,3631,,0,4,1,13.81999969,11.81999969,16.09000015,4,16,64,0,0,10.75881767,10.497118,5.95583725,,,8.197538376,0,0,0,0,0.125
Windham,5013,2010,0,36771,1625,47386,0.105999999,3897.726074,1,3,,0,0,0,0,0,0,,,,,1,385,91,786,0,0,,0,4,1,15.27999973,13.18000031,17.63999939,5,25,125,0,0,10.76608181,10.51246452,5.95583725,,,0,0,0,0,0,0.125
Windham,5013,2011,0,36976,1988,49504,0.112000003,4141.312012,1,3,,0,0,0,1,47989,0,,,,,1,385,91,786,0,0,,0,4,1,14.02000046,12.10999966,16.17000008,6,36,216,0,10.77874756,10.80980873,10.51802444,5.95583725,,,0,0,0,0,0,0.125
Windham,5013,2012,1,36875,1896,50220,0.108999997,4019.375,1,3,,0,0,0,5,34823.14063,0,,,,,1,385,91,786,0,47989,,0,4,1,12.59000015,,,7,49,343,0,10.45806599,10.82416821,10.51528931,5.95583725,,,10.77874756,0,0,1,0,0.125
Windham,5013,2013,0,36755,22646,50737,0.119000003,4373.845215,1,3,,0,0,0,0,0,0,,,,,1,385,91,786,0,34823.14063,,0,4,1,14.61999989,,,8,64,512,0,0,10.83441067,10.51202965,5.95583725,,,10.45806599,1,0,-1,0,0.125
Windsor,5014,2006,0,,,,,0,1,3,,0,0,0,1,1187,0,,,,,1,289,156,754,0,0,,0,4,1,,,,1,1,1,0,7.080026627,,,5.669880867,,,,,,,0,0
Windsor,5014,2007,0,47221,1646,49532,0.097999997,4627.658203,1,3,,0,0,0,0,0,0,,,,,1,289,156,754,0,1187,,0,4,1,,,,2,4,8,0,0,10.81037426,10.76259422,5.669880867,,,7.080026627,0,0,0,0,0
Windsor,5014,2008,0,47042,1534,51338,0.101000004,4751.242188,1,3,,0,0,0,3,775,0,,,,,1,289,156,754,0,0,,0,4,1,12.35999966,10.43000031,14.59000015,3,9,27,0,6.654152393,10.84618664,10.75879574,5.669880867,,,0,0,0,0,0,0
Windsor,5014,2009,0,46928,1694,51922,0.097999997,4598.943848,1,3,,0,0,0,0,0,0,,,,,1,289,156,754,0,775,,0,4,1,13.81999969,11.81999969,16.09000015,4,16,64,0,0,10.85749817,10.75636959,5.669880867,,,6.654152393,0,0,0,0,0
Windsor,5014,2010,0,46732,1962,51229,0.096000001,4486.271973,1,3,,0,0,0,0,0,0,,,,,1,289,156,754,0,0,,0,4,1,15.27999973,13.18000031,17.63999939,5,25,125,0,0,10.8440609,10.75218487,5.669880867,,,0,0,0,0,0,0
Windsor,5014,2011,0,46783,2376,50135,0.105999999,4958.998047,1,3,,0,0,0,0,0,0,,,,,1,289,156,754,0,0,,0,4,1,14.02000046,12.10999966,16.17000008,6,36,216,0,0,10.82247448,10.75327492,5.669880867,,,0,0,0,0,0,0
Windsor,5014,2012,0,46832,1967,51812,0.107000001,5011.023926,1,3,,0,0,0,7,2296,0,,,,,1,289,156,754,0,0,,0,4,1,12.59000015,,,7,49,343,0,7.739359379,10.8553772,10.75432205,5.669880867,,,0,0,0,0,0,0
Windsor,5014,2013,0,46901,28402,52292,0.112000003,5252.912109,1,3,,0,0,0,0,0,0,,,,,1,289,156,754,0,2296,,0,4,1,14.61999989,,,8,64,512,0,0,10.86459827,10.75579453,5.669880867,,,7.739359379,0,0,0,0,0
